Order,Level,Code,Parent,NUTS-Code,Description,Remark
1076445,1,5,,,NUTS LEVEL 1,
1076446,2,10,5,BE,BELGIQUE-BELGIË,
1076447,3,15,10,BE1,RÉGION DE BRUXELLES-CAPITALE/BRUSSELS HOOFDSTEDELIJK GEWEST,
1076448,3,20,10,BE2,VLAAMS GEWEST,
1076449,3,25,10,BE3,RÉGION WALLONNE,
1076450,3,30,10,BEZ,EXTRA-REGIO NUTS 1,
1076451,2,35,5,BG,БЪЛГАРИЯ (BULGARIA),
1076452,3,40,35,BG3,СЕВЕРНА И ЮГОИЗТОЧНА БЪЛГАРИЯ (SEVERNA I YUGOIZTOCHNA BULGARIA),
1076453,3,45,35,BG4,ЮГОЗАПАДНА И ЮЖНА ЦЕНТРАЛНА БЪЛГАРИЯ (YUGOZAPADNA I YUZHNA TSENTRALNA BULGARIA),
1076454,3,50,35,BGZ,EXTRA-REGIO NUTS 1,
1076455,2,55,5,CZ,ČESKÁ REPUBLIKA,
1076456,3,60,55,CZ0,ČESKÁ REPUBLIKA,
1076457,3,65,55,CZZ,EXTRA-REGIO NUTS 1,
1076458,2,70,5,DK,DANMARK,
1076459,3,75,70,DK0,DANMARK,
1076460,3,80,70,DKZ,EXTRA-REGIO NUTS 1,
1076461,2,85,5,DE,DEUTSCHLAND,
1076462,3,90,85,DE1,BADEN-WÜRTTEMBERG,
1076463,3,95,85,DE2,BAYERN,
1076464,3,100,85,DE3,BERLIN,
1076465,3,105,85,DE4,BRANDENBURG,
1076466,3,110,85,DE5,BREMEN,
1076467,3,115,85,DE6,HAMBURG,
1076468,3,120,85,DE7,HESSEN,
1076469,3,125,85,DE8,MECKLENBURG-VORPOMMERN,
1076470,3,130,85,DE9,NIEDERSACHSEN,
1076471,3,135,85,DEA,NORDRHEIN-WESTFALEN,
1076472,3,140,85,DEB,RHEINLAND-PFALZ,
1076473,3,145,85,DEC,SAARLAND,
1076474,3,150,85,DED,SACHSEN,
1076475,3,155,85,DEE,SACHSEN-ANHALT,
1076476,3,160,85,DEF,SCHLESWIG-HOLSTEIN,
1076477,3,165,85,DEG,THÜRINGEN,
1076478,3,170,85,DEZ,EXTRA-REGIO NUTS 1,
1076479,2,175,5,EE,EESTI,
1076480,3,180,175,EE0,EESTI,
1076481,3,185,175,EEZ,EXTRA-REGIO NUTS 1,
1076482,2,190,5,IE,IRELAND,
1076483,3,195,190,IE0,IRELAND,
1076484,3,200,190,IEZ,EXTRA-REGIO NUTS 1,
1076485,2,205,5,EL,ΕΛΛΑΔΑ (ELLADA),
1076486,3,210,205,EL1,ΒΟΡΕΙΑ ΕΛΛΑΔΑ (VOREIA ELLADA),
1076487,3,215,205,EL2,ΚΕΝΤΡΙΚΗ ΕΛΛΑΔΑ (KENTRIKI ELLADA),
1076488,3,220,205,EL3,ATTIKΗ (ATTIKI),
1076489,3,225,205,EL4,"NΗΣΙΑ ΑΙΓΑΙΟΥ, KΡΗΤΗ (NISIA AIGAIOU, KRITI)",
1076490,3,230,205,ELZ,EXTRA-REGIO NUTS 1,
1076491,2,235,5,ES,ESPAÑA,
1076492,3,240,235,ES1,NOROESTE,
1076493,3,245,235,ES2,NORESTE,
1076494,3,250,235,ES3,COMUNIDAD DE MADRID,
1076495,3,255,235,ES4,CENTRO (ES),
1076496,3,260,235,ES5,ESTE,
1076497,3,265,235,ES6,SUR,
1076498,3,270,235,ES7,CANARIAS,
1076499,3,275,235,ESZ,EXTRA-REGIO NUTS 1,
1076500,2,280,5,FR,FRANCE,
1076501,3,285,280,FR1,ÎLE DE FRANCE,
1076502,3,290,280,FR2,BASSIN PARISIEN,
1076503,3,295,280,FR3,NORD - PAS-DE-CALAIS,
1076504,3,300,280,FR4,EST,
1076505,3,305,280,FR5,OUEST,
1076506,3,310,280,FR6,SUD-OUEST,
1076507,3,315,280,FR7,CENTRE-EST,
1076508,3,320,280,FR8,MÉDITERRANÉE,
1076509,3,325,280,FR9,DÉPARTEMENTS D'OUTRE-MER,
1076510,3,330,280,FRZ,EXTRA-REGIO NUTS 1,
1076511,2,335,5,HR,HRVATSKA,
1076512,3,340,335,HR0,HRVATSKA,
1076513,3,341,335,HRZ,EXTRA-REGIO NUTS 1,
1076514,2,345,5,IT,ITALIA,
1076515,3,350,345,ITC,NORD-OVEST,
1076516,3,355,345,ITF,SUD,
1076517,3,360,345,ITG,ISOLE,
1076518,3,365,345,ITH,NORD-EST,
1076519,3,370,345,ITI,CENTRO (IT),
1076520,3,375,345,ITZ,EXTRA-REGIO NUTS 1,
1076521,2,380,5,CY,ΚΥΠΡΟΣ (KÝPROS),
1076522,3,385,380,CY0,ΚΥΠΡΟΣ (KÝPROS),
1076523,3,390,380,CYZ,EXTRA-REGIO NUTS 1,
1076524,2,395,5,LV,LATVIJA,
1076525,3,400,395,LV0,LATVIJA,
1076526,3,405,395,LVZ,EXTRA-REGIO NUTS 1,
1076527,2,410,5,LT,LIETUVA,
1076528,3,415,410,LT0,LIETUVA,
1076529,3,420,410,LTZ,EXTRA-REGIO NUTS 1,
1076530,2,425,5,LU,LUXEMBOURG,
1076531,3,430,425,LU0,LUXEMBOURG,
1076532,3,435,425,LUZ,EXTRA-REGIO NUTS 1,
1076533,2,440,5,HU,MAGYARORSZÁG,
1076534,3,445,440,HU1,KÖZÉP-MAGYARORSZÁG,
1076535,3,450,440,HU2,DUNÁNTÚL,
1076536,3,455,440,HU3,ALFÖLD ÉS ÉSZAK,
1076537,3,460,440,HUZ,EXTRA-REGIO NUTS 1,
1076538,2,465,5,MT,MALTA,
1076539,3,470,465,MT0,MALTA,
1076540,3,475,465,MTZ,EXTRA-REGIO NUTS 1,
1076541,2,480,5,NL,NEDERLAND,
1076542,3,485,480,NL1,NOORD-NEDERLAND,
1076543,3,490,480,NL2,OOST-NEDERLAND,
1076544,3,495,480,NL3,WEST-NEDERLAND,
1076545,3,500,480,NL4,ZUID-NEDERLAND,
1076546,3,505,480,NLZ,EXTRA-REGIO NUTS 1,
1076547,2,510,5,AT,ÖSTERREICH,
1076548,3,515,510,AT1,OSTÖSTERREICH,
1076549,3,520,510,AT2,SÜDÖSTERREICH,
1076550,3,525,510,AT3,WESTÖSTERREICH,
1076551,3,530,510,ATZ,EXTRA-REGIO NUTS 1,
1076552,2,535,5,PL,POLSKA,
1076553,3,540,535,PL1,REGION CENTRALNY,
1076554,3,545,535,PL2,REGION POŁUDNIOWY,
1076555,3,550,535,PL3,REGION WSCHODNI,
1076556,3,555,535,PL4,REGION PÓŁNOCNO-ZACHODNI,
1076557,3,560,535,PL5,REGION POŁUDNIOWO-ZACHODNI,
1076558,3,565,535,PL6,REGION PÓŁNOCNY,
1076559,3,570,535,PLZ,EXTRA-REGIO NUTS 1,
1076560,2,575,5,PT,PORTUGAL,
1076561,3,580,575,PT1,CONTINENTE,
1076562,3,585,575,PT2,REGIÃO AUTÓNOMA DOS AÇORES,
1076563,3,590,575,PT3,REGIÃO AUTÓNOMA DA MADEIRA,
1076564,3,595,575,PTZ,EXTRA-REGIO NUTS 1,
1076565,2,600,5,RO,ROMÂNIA,
1076566,3,605,600,RO1,MACROREGIUNEA UNU,
1076567,3,610,600,RO2,MACROREGIUNEA DOI,
1076568,3,615,600,RO3,MACROREGIUNEA TREI,
1076569,3,620,600,RO4,MACROREGIUNEA PATRU,
1076570,3,625,600,ROZ,EXTRA-REGIO NUTS 1,
1076571,2,630,5,SI,SLOVENIJA,
1076572,3,635,630,SI0,SLOVENIJA,
1076573,3,640,630,SIZ,EXTRA-REGIO NUTS 1,
1076574,2,645,5,SK,SLOVENSKO,
1076575,3,650,645,SK0,SLOVENSKO,
1076576,3,655,645,SKZ,EXTRA-REGIO NUTS 1,
1076577,2,660,5,FI,SUOMI / FINLAND,
1076578,3,665,660,FI1,MANNER-SUOMI,
1076579,3,670,660,FI2,ÅLAND,
1076580,3,675,660,FIZ,EXTRA-REGIO NUTS 1,
1076581,2,680,5,SE,SVERIGE,
1076582,3,685,680,SE1,ÖSTRA SVERIGE,
1076583,3,690,680,SE2,SÖDRA SVERIGE,
1076584,3,695,680,SE3,NORRA SVERIGE,
1076585,3,700,680,SEZ,EXTRA-REGIO NUTS 1,
1076586,2,705,5,UK,UNITED KINGDOM,
1076587,3,710,705,UKC,NORTH EAST (ENGLAND),
1076588,3,715,705,UKD,NORTH WEST (ENGLAND),
1076589,3,720,705,UKE,YORKSHIRE AND THE HUMBER,
1076590,3,725,705,UKF,EAST MIDLANDS (ENGLAND),
1076591,3,730,705,UKG,WEST MIDLANDS (ENGLAND),
1076592,3,735,705,UKH,EAST OF ENGLAND,
1076593,3,740,705,UKI,LONDON,
1076594,3,745,705,UKJ,SOUTH EAST (ENGLAND),
1076595,3,750,705,UKK,SOUTH WEST (ENGLAND),
1076596,3,755,705,UKL,WALES,
1076597,3,760,705,UKM,SCOTLAND,
1076598,3,765,705,UKN,NORTHERN IRELAND,
1076599,3,770,705,UKZ,EXTRA-REGIO NUTS 1,
1076600,1,775,,,NUTS LEVEL 2,
1076601,2,780,775,BE,BELGIQUE-BELGIË,
1076602,3,785,780,BE10,Région de Bruxelles-Capitale/Brussels Hoofdstedelijk Gewest,
1076603,3,790,780,BE21,Prov. Antwerpen,
1076604,3,795,780,BE22,Prov. Limburg (BE),
1076605,3,800,780,BE23,Prov. Oost-Vlaanderen,
1076606,3,805,780,BE24,Prov. Vlaams-Brabant,
1076607,3,810,780,BE25,Prov. West-Vlaanderen,
1076608,3,815,780,BE31,Prov. Brabant Wallon,
1076609,3,820,780,BE32,Prov. Hainaut,
1076610,3,825,780,BE33,Prov. Liège,
1076611,3,830,780,BE34,Prov. Luxembourg (BE),
1076612,3,835,780,BE35,Prov. Namur,
1076613,3,840,780,BEZZ,Extra-Regio NUTS 2,
1076614,2,845,775,BG,БЪЛГАРИЯ (BULGARIA),
1076615,3,850,845,BG31,Северозападен (Severozapaden),
1076616,3,855,845,BG32,Северен централен (Severen tsentralen),
1076617,3,860,845,BG33,Североизточен (Severoiztochen),
1076618,3,865,845,BG34,Югоизточен (Yugoiztochen),
1076619,3,870,845,BG41,Югозападен (Yugozapaden),
1076620,3,875,845,BG42,Южен централен (Yuzhen tsentralen),
1076621,3,880,845,BGZZ,Extra-Regio NUTS 2,
1076622,2,885,775,CZ,ČESKÁ REPUBLIKA,
1076623,3,890,885,CZ01,Praha,
1076624,3,895,885,CZ02,Střední Čechy,
1076625,3,900,885,CZ03,Jihozápad,
1076626,3,905,885,CZ04,Severozápad,
1076627,3,910,885,CZ05,Severovýchod,
1076628,3,915,885,CZ06,Jihovýchod,
1076629,3,920,885,CZ07,Střední Morava,
1076630,3,925,885,CZ08,Moravskoslezsko,
1076631,3,930,885,CZZZ,Extra-Regio NUTS 2,
1076632,2,935,775,DK,DANMARK,
1076633,3,940,935,DK01,Hovedstaden,
1076634,3,945,935,DK02,Sjælland,
1076635,3,950,935,DK03,Syddanmark,
1076636,3,955,935,DK04,Midtjylland,
1076637,3,960,935,DK05,Nordjylland,
1076638,3,965,935,DKZZ,Extra-Regio NUTS 2,
1076639,2,970,775,DE,DEUTSCHLAND,
1076640,3,975,970,DE11,Stuttgart,
1076641,3,980,970,DE12,Karlsruhe,
1076642,3,985,970,DE13,Freiburg,
1076643,3,990,970,DE14,Tübingen,
1076644,3,995,970,DE21,Oberbayern,
1076645,3,1000,970,DE22,Niederbayern,
1076646,3,1005,970,DE23,Oberpfalz,
1076647,3,1010,970,DE24,Oberfranken,
1076648,3,1015,970,DE25,Mittelfranken,
1076649,3,1020,970,DE26,Unterfranken,
1076650,3,1025,970,DE27,Schwaben,
1076651,3,1030,970,DE30,Berlin,
1076652,3,1035,970,DE40,Brandenburg,
1076653,3,1040,970,DE50,Bremen,
1076654,3,1045,970,DE60,Hamburg,
1076655,3,1050,970,DE71,Darmstadt,
1076656,3,1055,970,DE72,Gießen,
1076657,3,1060,970,DE73,Kassel,
1076658,3,1065,970,DE80,Mecklenburg-Vorpommern,
1076659,3,1070,970,DE91,Braunschweig,
1076660,3,1075,970,DE92,Hannover,
1076661,3,1080,970,DE93,Lüneburg,
1076662,3,1085,970,DE94,Weser-Ems,
1076663,3,1090,970,DEA1,Düsseldorf,
1076664,3,1095,970,DEA2,Köln,
1076665,3,1100,970,DEA3,Münster,
1076666,3,1105,970,DEA4,Detmold,
1076667,3,1110,970,DEA5,Arnsberg,
1076668,3,1115,970,DEB1,Koblenz,
1076669,3,1120,970,DEB2,Trier,
1076670,3,1125,970,DEB3,Rheinhessen-Pfalz,
1076671,3,1130,970,DEC0,Saarland,
1076672,3,1135,970,DED2,Dresden,
1076673,3,1140,970,DED4,Chemnitz,
1076674,3,1145,970,DED5,Leipzig,
1076675,3,1150,970,DEE0,Sachsen-Anhalt,
1076676,3,1155,970,DEF0,Schleswig-Holstein,
1076677,3,1160,970,DEG0,Thüringen,
1076678,3,1165,970,DEZZ,Extra-Regio NUTS 2,
1076679,2,1170,775,EE,EESTI,
1076680,3,1175,1170,EE00,Eesti,
1076681,3,1180,1170,EEZZ,Extra-Regio NUTS 2,
1076682,2,1185,775,IE,IRELAND,
1076683,3,1190,1185,IE01,"Border, Midland and Western",
1076684,3,1195,1185,IE02,Southern and Eastern,
1076685,3,1200,1185,IEZZ,Extra-Regio NUTS 2,
1076686,2,1205,775,EL,ΕΛΛΑΔΑ (ELLADA),
1076687,3,1210,1205,EL11,"Aνατολική Μακεδονία, Θράκη (Anatoliki Makedonia, Thraki)",
1076688,3,1215,1205,EL12,Κεντρική Μακεδονία (Kentriki Makedonia),
1076689,3,1220,1205,EL13,Δυτική Μακεδονία (Dytiki Makedonia),
1076690,3,1225,1205,EL14,Θεσσαλία (Thessalia),
1076691,3,1230,1205,EL21,Ήπειρος (Ipeiros),
1076692,3,1235,1205,EL22,Ιόνια Νησιά (Ionia Nisia),
1076693,3,1240,1205,EL23,Δυτική Ελλάδα (Dytiki Ellada),
1076694,3,1245,1205,EL24,Στερεά Ελλάδα (Sterea Ellada),
1076695,3,1250,1205,EL25,Πελοπόννησος (Peloponnisos),
1076696,3,1255,1205,EL30,Aττική (Attiki),
1076697,3,1260,1205,EL41,Βόρειο Αιγαίο (Voreio Aigaio),
1076698,3,1265,1205,EL42,Νότιο Αιγαίο (Notio Aigaio),
1076699,3,1270,1205,EL43,Κρήτη (Kriti),
1076700,3,1275,1205,ELZZ,Extra-Regio NUTS 2,
1076701,2,1280,775,ES,ESPAÑA,
1076702,3,1285,1280,ES11,Galicia,
1076703,3,1290,1280,ES12,Principado de Asturias,
1076704,3,1295,1280,ES13,Cantabria,
1076705,3,1300,1280,ES21,País Vasco,
1076706,3,1305,1280,ES22,Comunidad Foral de Navarra,
1076707,3,1310,1280,ES23,La Rioja,
1076708,3,1315,1280,ES24,Aragón,
1076709,3,1320,1280,ES30,Comunidad de Madrid,
1076710,3,1325,1280,ES41,Castilla y León,
1076711,3,1330,1280,ES42,Castilla-La Mancha,
1076712,3,1335,1280,ES43,Extremadura,
1076713,3,1340,1280,ES51,Cataluña,
1076714,3,1345,1280,ES52,Comunidad Valenciana,
1076715,3,1350,1280,ES53,Illes Balears,
1076716,3,1355,1280,ES61,Andalucía,
1076717,3,1360,1280,ES62,Región de Murcia,
1076718,3,1365,1280,ES63,Ciudad Autónoma de Ceuta,
1076719,3,1370,1280,ES64,Ciudad Autónoma de Melilla,
1076720,3,1375,1280,ES70,Canarias,
1076721,3,1380,1280,ESZZ,Extra-Regio NUTS 2,
1076722,2,1385,775,FR,FRANCE,
1076723,3,1390,1385,FR10,Île de France,
1076724,3,1395,1385,FR21,Champagne-Ardenne,
1076725,3,1400,1385,FR22,Picardie,
1076726,3,1405,1385,FR23,Haute-Normandie,
1076727,3,1410,1385,FR24,Centre,
1076728,3,1415,1385,FR25,Basse-Normandie,
1076729,3,1420,1385,FR26,Bourgogne,
1076730,3,1425,1385,FR30,Nord - Pas-de-Calais,
1076731,3,1430,1385,FR41,Lorraine,
1076732,3,1435,1385,FR42,Alsace,
1076733,3,1440,1385,FR43,Franche-Comté,
1076734,3,1445,1385,FR51,Pays de la Loire,
1076735,3,1450,1385,FR52,Bretagne,
1076736,3,1455,1385,FR53,Poitou-Charentes,
1076737,3,1460,1385,FR61,Aquitaine,
1076738,3,1465,1385,FR62,Midi-Pyrénées,
1076739,3,1470,1385,FR63,Limousin,
1076740,3,1475,1385,FR71,Rhône-Alpes,
1076741,3,1480,1385,FR72,Auvergne,
1076742,3,1485,1385,FR81,Languedoc-Roussillon,
1076743,3,1490,1385,FR82,Provence-Alpes-Côte d'Azur,
1076744,3,1495,1385,FR83,Corse,
1076745,3,1500,1385,FR91,Guadeloupe,
1076746,3,1505,1385,FR92,Martinique,
1076747,3,1510,1385,FR93,Guyane,
1076748,3,1515,1385,FR94,Réunion,
1076749,3,1520,1385,FRZZ,Extra-Regio NUTS 2,
1076750,2,1525,775,HR,HRVATSKA,
1076751,3,1530,1525,HR03,Jadranska Hrvatska,
1076752,3,1535,1525,HR04,Kontinentalna Hrvatska,
1076753,3,1537,1525,HRZZ,Extra-Regio NUTS 2,
1076754,2,1540,775,IT,ITALIA,
1076755,3,1545,1540,ITC1,Piemonte,
1076756,3,1550,1540,ITC2,Valle d'Aosta/Vallée d'Aoste,
1076757,3,1555,1540,ITC3,Liguria,
1076758,3,1560,1540,ITC4,Lombardia,
1076759,3,1565,1540,ITF1,Abruzzo,
1076760,3,1570,1540,ITF2,Molise,
1076761,3,1575,1540,ITF3,Campania,
1076762,3,1580,1540,ITF4,Puglia,
1076763,3,1585,1540,ITF5,Basilicata,
1076764,3,1590,1540,ITF6,Calabria,
1076765,3,1595,1540,ITG1,Sicilia,
1076766,3,1600,1540,ITG2,Sardegna,
1076767,3,1605,1540,ITH1,Provincia Autonoma di Bolzano/Bozen,
1076768,3,1610,1540,ITH2,Provincia Autonoma di Trento,
1076769,3,1615,1540,ITH3,Veneto,
1076770,3,1620,1540,ITH4,Friuli-Venezia Giulia,
1076771,3,1625,1540,ITH5,Emilia-Romagna,
1076772,3,1630,1540,ITI1,Toscana,
1076773,3,1635,1540,ITI2,Umbria,
1076774,3,1640,1540,ITI3,Marche,
1076775,3,1645,1540,ITI4,Lazio,
1076776,3,1650,1540,ITZZ,Extra-Regio NUTS 2,
1076777,2,1655,775,CY,ΚΥΠΡΟΣ (KÝPROS),
1076778,3,1660,1655,CY00,Κύπρος (Kýpros),
1076779,3,1665,1655,CYZZ,Extra-Regio NUTS 2,
1076780,2,1670,775,LV,LATVIJA,
1076781,3,1675,1670,LV00,Latvija,
1076782,3,1680,1670,LVZZ,Extra-Regio NUTS 2,
1076783,2,1685,775,LT,LIETUVA,
1076784,3,1690,1685,LT00,Lietuva,
1076785,3,1695,1685,LTZZ,Extra-Regio NUTS 2,
1076786,2,1700,775,LU,LUXEMBOURG,
1076787,3,1705,1700,LU00,Luxembourg,
1076788,3,1710,1700,LUZZ,Extra-Regio NUTS 2,
1076789,2,1715,775,HU,MAGYARORSZÁG,
1076790,3,1720,1715,HU10,Közép-Magyarország,
1076791,3,1725,1715,HU21,Közép-Dunántúl,
1076792,3,1730,1715,HU22,Nyugat-Dunántúl,
1076793,3,1735,1715,HU23,Dél-Dunántúl,
1076794,3,1740,1715,HU31,Észak-Magyarország,
1076795,3,1745,1715,HU32,Észak-Alföld,
1076796,3,1750,1715,HU33,Dél-Alföld,
1076797,3,1755,1715,HUZZ,Extra-Regio NUTS 2,
1076798,2,1760,775,MT,MALTA,
1076799,3,1765,1760,MT00,Malta,
1076800,3,1770,1760,MTZZ,Extra-Regio NUTS 2,
1076801,2,1775,775,NL,NEDERLAND,
1076802,3,1780,1775,NL11,Groningen,
1076803,3,1785,1775,NL12,Friesland (NL),
1076804,3,1790,1775,NL13,Drenthe,
1076805,3,1795,1775,NL21,Overijssel,
1076806,3,1800,1775,NL22,Gelderland,
1076807,3,1805,1775,NL23,Flevoland,
1076808,3,1810,1775,NL31,Utrecht,
1076809,3,1815,1775,NL32,Noord-Holland,
1076810,3,1820,1775,NL33,Zuid-Holland,
1076811,3,1825,1775,NL34,Zeeland,
1076812,3,1830,1775,NL41,Noord-Brabant,
1076813,3,1835,1775,NL42,Limburg (NL),
1076814,3,1840,1775,NLZZ,Extra-Regio NUTS 2,
1076815,2,1845,775,AT,ÖSTERREICH,
1076816,3,1850,1845,AT11,Burgenland (AT),
1076817,3,1855,1845,AT12,Niederösterreich,
1076818,3,1860,1845,AT13,Wien,
1076819,3,1865,1845,AT21,Kärnten,
1076820,3,1870,1845,AT22,Steiermark,
1076821,3,1875,1845,AT31,Oberösterreich,
1076822,3,1880,1845,AT32,Salzburg,
1076823,3,1885,1845,AT33,Tirol,
1076824,3,1890,1845,AT34,Vorarlberg,
1076825,3,1895,1845,ATZZ,Extra-Regio NUTS 2,
1076826,2,1900,775,PL,POLSKA,
1076827,3,1905,1900,PL11,Łódzkie,
1076828,3,1910,1900,PL12,Mazowieckie,
1076829,3,1915,1900,PL21,Małopolskie,
1076830,3,1920,1900,PL22,Śląskie,
1076831,3,1925,1900,PL31,Lubelskie,
1076832,3,1930,1900,PL32,Podkarpackie,
1076833,3,1935,1900,PL33,Świętokrzyskie,
1076834,3,1940,1900,PL34,Podlaskie,
1076835,3,1945,1900,PL41,Wielkopolskie,
1076836,3,1950,1900,PL42,Zachodniopomorskie,
1076837,3,1955,1900,PL43,Lubuskie,
1076838,3,1960,1900,PL51,Dolnośląskie,
1076839,3,1965,1900,PL52,Opolskie,
1076840,3,1970,1900,PL61,Kujawsko-Pomorskie,
1076841,3,1975,1900,PL62,Warmińsko-Mazurskie,
1076842,3,1980,1900,PL63,Pomorskie,
1076843,3,1985,1900,PLZZ,Extra-Regio NUTS 2,
1076844,2,1990,775,PT,PORTUGAL,
1076845,3,1995,1990,PT11,Norte,
1076846,3,2000,1990,PT15,Algarve,
1076847,3,2005,1990,PT16,Centro (PT),
1076848,3,2010,1990,PT17,Lisboa,
1076849,3,2015,1990,PT18,Alentejo,
1076850,3,2020,1990,PT20,Região Autónoma dos Açores,
1076851,3,2025,1990,PT30,Região Autónoma da Madeira,
1076852,3,2030,1990,PTZZ,Extra-Regio NUTS 2,
1076853,2,2035,775,RO,ROMÂNIA,
1076854,3,2040,2035,RO11,Nord-Vest,
1076855,3,2045,2035,RO12,Centru,
1076856,3,2050,2035,RO21,Nord-Est,
1076857,3,2055,2035,RO22,Sud-Est,
1076858,3,2060,2035,RO31,Sud - Muntenia,
1076859,3,2065,2035,RO32,Bucureşti - Ilfov,
1076860,3,2070,2035,RO41,Sud-Vest Oltenia,
1076861,3,2075,2035,RO42,Vest,
1076862,3,2080,2035,ROZZ,Extra-Regio NUTS 2,
1076863,2,2085,775,SI,SLOVENIJA,
1076864,3,2090,2085,SI01,Vzhodna Slovenija,
1076865,3,2095,2085,SI02,Zahodna Slovenija,
1076866,3,2100,2085,SIZZ,Extra-Regio NUTS 2,
1076867,2,2105,775,SK,SLOVENSKO,
1076868,3,2110,2105,SK01,Bratislavský kraj,
1076869,3,2115,2105,SK02,Západné Slovensko,
1076870,3,2120,2105,SK03,Stredné Slovensko,
1076871,3,2125,2105,SK04,Východné Slovensko,
1076872,3,2130,2105,SKZZ,Extra-Regio NUTS 2,
1076873,2,2135,775,FI,SUOMI / FINLAND,
1076874,3,2140,2135,FI19,Länsi-Suomi,
1076875,3,2145,2135,FI1B,Helsinki-Uusimaa,
1076876,3,2150,2135,FI1C,Etelä-Suomi,
1076877,3,2155,2135,FI1D,Pohjois- ja Itä-Suomi,
1076878,3,2160,2135,FI20,Åland,
1076879,3,2165,2135,FIZZ,Extra-Regio NUTS 2,
1076880,2,2170,775,SE,SVERIGE,
1076881,3,2175,2170,SE11,Stockholm,
1076882,3,2180,2170,SE12,Östra Mellansverige,
1076883,3,2185,2170,SE21,Småland med öarna,
1076884,3,2190,2170,SE22,Sydsverige,
1076885,3,2195,2170,SE23,Västsverige,
1076886,3,2200,2170,SE31,Norra Mellansverige,
1076887,3,2205,2170,SE32,Mellersta Norrland,
1076888,3,2210,2170,SE33,Övre Norrland,
1076889,3,2215,2170,SEZZ,Extra-Regio NUTS 2,
1076890,2,2220,775,UK,UNITED KINGDOM,
1076891,3,2225,2220,UKC1,Tees Valley and Durham,
1076892,3,2230,2220,UKC2,Northumberland and Tyne and Wear,
1076893,3,2235,2220,UKD1,Cumbria,
1076894,3,2240,2220,UKD3,Greater Manchester,
1076895,3,2245,2220,UKD4,Lancashire,
1076896,3,2250,2220,UKD6,Cheshire,
1076897,3,2255,2220,UKD7,Merseyside,
1076898,3,2260,2220,UKE1,East Yorkshire and Northern Lincolnshire,
1076899,3,2265,2220,UKE2,North Yorkshire,
1076900,3,2270,2220,UKE3,South Yorkshire,
1076901,3,2275,2220,UKE4,West Yorkshire,
1076902,3,2280,2220,UKF1,Derbyshire and Nottinghamshire,
1076903,3,2285,2220,UKF2,"Leicestershire, Rutland and Northamptonshire",
1076904,3,2290,2220,UKF3,Lincolnshire,
1076905,3,2295,2220,UKG1,"Herefordshire, Worcestershire and Warwickshire",
1076906,3,2300,2220,UKG2,Shropshire and Staffordshire,
1076907,3,2305,2220,UKG3,West Midlands,
1076908,3,2310,2220,UKH1,East Anglia,
1076909,3,2315,2220,UKH2,Bedfordshire and Hertfordshire,
1076910,3,2320,2220,UKH3,Essex,
1076911,3,2325,2220,UKI1,Inner London,
1076912,3,2330,2220,UKI2,Outer London,
1076913,3,2335,2220,UKJ1,"Berkshire, Buckinghamshire and Oxfordshire",
1076914,3,2340,2220,UKJ2,"Surrey, East and West Sussex",
1076915,3,2345,2220,UKJ3,Hampshire and Isle of Wight,
1076916,3,2350,2220,UKJ4,Kent,
1076917,3,2355,2220,UKK1,"Gloucestershire, Wiltshire and Bristol/Bath area",
1076918,3,2360,2220,UKK2,Dorset and Somerset,
1076919,3,2365,2220,UKK3,Cornwall and Isles of Scilly,
1076920,3,2370,2220,UKK4,Devon,
1076921,3,2375,2220,UKL1,West Wales and The Valleys,
1076922,3,2380,2220,UKL2,East Wales,
1076923,3,2385,2220,UKM2,Eastern Scotland,
1076924,3,2390,2220,UKM3,South Western Scotland,
1076925,3,2395,2220,UKM5,North Eastern Scotland,
1076926,3,2400,2220,UKM6,Highlands and Islands,
1076927,3,2405,2220,UKN0,Northern Ireland,
1076928,3,2410,2220,UKZZ,Extra-Regio NUTS 2,
1076929,1,2415,,,NUTS LEVEL 3,
1076930,2,2420,2415,BE,BELGIQUE-BELGIË,
1076931,3,2425,2420,BE100,Arr. de Bruxelles-Capitale/Arr. van Brussel-Hoofdstad,
1076932,3,2430,2420,BE211,Arr. Antwerpen,
1076933,3,2435,2420,BE212,Arr. Mechelen,
1076934,3,2440,2420,BE213,Arr. Turnhout,
1076935,3,2445,2420,BE221,Arr. Hasselt,
1076936,3,2450,2420,BE222,Arr. Maaseik,
1076937,3,2455,2420,BE223,Arr. Tongeren,
1076938,3,2460,2420,BE231,Arr. Aalst,
1076939,3,2465,2420,BE232,Arr. Dendermonde,
1076940,3,2470,2420,BE233,Arr. Eeklo,
1076941,3,2475,2420,BE234,Arr. Gent,
1076942,3,2480,2420,BE235,Arr. Oudenaarde,
1076943,3,2485,2420,BE236,Arr. Sint-Niklaas,
1076944,3,2490,2420,BE241,Arr. Halle-Vilvoorde,
1076945,3,2495,2420,BE242,Arr. Leuven,
1076946,3,2500,2420,BE251,Arr. Brugge,
1076947,3,2505,2420,BE252,Arr. Diksmuide,
1076948,3,2510,2420,BE253,Arr. Ieper,
1076949,3,2515,2420,BE254,Arr. Kortrijk,
1076950,3,2520,2420,BE255,Arr. Oostende,
1076951,3,2525,2420,BE256,Arr. Roeselare,
1076952,3,2530,2420,BE257,Arr. Tielt,
1076953,3,2535,2420,BE258,Arr. Veurne,
1076954,3,2540,2420,BE310,Arr. Nivelles,
1076955,3,2545,2420,BE321,Arr. Ath,
1076956,3,2550,2420,BE322,Arr. Charleroi,
1076957,3,2555,2420,BE323,Arr. Mons,
1076958,3,2560,2420,BE324,Arr. Mouscron,
1076959,3,2565,2420,BE325,Arr. Soignies,
1076960,3,2570,2420,BE326,Arr. Thuin,
1076961,3,2575,2420,BE327,Arr. Tournai,
1076962,3,2580,2420,BE331,Arr. Huy,
1076963,3,2585,2420,BE332,Arr. Liège,
1076964,3,2590,2420,BE334,Arr. Waremme,
1076965,3,2595,2420,BE335,Arr. Verviers - communes francophones,
1076966,3,2600,2420,BE336,Bezirk Verviers - Deutschsprachige Gemeinschaft,
1076967,3,2605,2420,BE341,Arr. Arlon,
1076968,3,2610,2420,BE342,Arr. Bastogne,
1076969,3,2615,2420,BE343,Arr. Marche-en-Famenne,
1076970,3,2620,2420,BE344,Arr. Neufchâteau,
1076971,3,2625,2420,BE345,Arr. Virton,
1076972,3,2630,2420,BE351,Arr. Dinant,
1076973,3,2635,2420,BE352,Arr. Namur,
1076974,3,2640,2420,BE353,Arr. Philippeville,
1076975,3,2645,2420,BEZZZ,Extra-Regio NUTS 3,
1076976,2,2650,2415,BG,БЪЛГАРИЯ (BULGARIA),
1076977,3,2655,2650,BG311,Видин (Vidin),
1076978,3,2660,2650,BG312,Монтана (Montana),
1076979,3,2665,2650,BG313,Враца (Vratsa),
1076980,3,2670,2650,BG314,Плевен (Pleven),
1076981,3,2675,2650,BG315,Ловеч (Lovech),
1076982,3,2680,2650,BG321,Велико Търново (Veliko Tarnovo),
1076983,3,2685,2650,BG322,Габрово (Gabrovo),
1076984,3,2690,2650,BG323,Русе (Ruse),
1076985,3,2695,2650,BG324,Разград (Razgrad),
1076986,3,2700,2650,BG325,Силистра (Silistra),
1076987,3,2705,2650,BG331,Варна (Varna),
1076988,3,2710,2650,BG332,Добрич (Dobrich),
1076989,3,2715,2650,BG333,Шумен (Shumen),
1076990,3,2720,2650,BG334,Търговище (Targovishte),
1076991,3,2725,2650,BG341,Бургас (Burgas),
1076992,3,2730,2650,BG342,Сливен (Sliven),
1076993,3,2735,2650,BG343,Ямбол (Yambol),
1076994,3,2740,2650,BG344,Стара Загора (Stara Zagora),
1076995,3,2745,2650,BG411,София (столица) (Sofia (stolitsa)),
1076996,3,2750,2650,BG412,София (Sofia),
1076997,3,2755,2650,BG413,Благоевград (Blagoevgrad),
1076998,3,2760,2650,BG414,Перник (Pernik),
1076999,3,2765,2650,BG415,Кюстендил (Kyustendil),
1077000,3,2770,2650,BG421,Пловдив (Plovdiv),
1077001,3,2775,2650,BG422,Хасково (Haskovo),
1077002,3,2780,2650,BG423,Пазарджик (Pazardzhik),
1077003,3,2785,2650,BG424,Смолян (Smolyan),
1077004,3,2790,2650,BG425,Кърджали (Kardzhali),
1077005,3,2795,2650,BGZZZ,Extra-Regio NUTS 3,
1077006,2,2800,2415,CZ,ČESKÁ REPUBLIKA,
1077007,3,2805,2800,CZ010,Hlavní město Praha,
1077008,3,2810,2800,CZ020,Středočeský kraj,
1077009,3,2815,2800,CZ031,Jihočeský kraj,
1077010,3,2820,2800,CZ032,Plzeňský kraj,
1077011,3,2825,2800,CZ041,Karlovarský kraj,
1077012,3,2830,2800,CZ042,Ústecký kraj,
1077013,3,2835,2800,CZ051,Liberecký kraj,
1077014,3,2840,2800,CZ052,Královéhradecký kraj,
1077015,3,2845,2800,CZ053,Pardubický kraj,
1077016,3,2850,2800,CZ063,Kraj Vysočina,
1077017,3,2855,2800,CZ064,Jihomoravský kraj,
1077018,3,2860,2800,CZ071,Olomoucký kraj,
1077019,3,2865,2800,CZ072,Zlínský kraj,
1077020,3,2870,2800,CZ080,Moravskoslezský kraj,
1077021,3,2875,2800,CZZZZ,Extra-Regio NUTS 3,
1077022,2,2880,2415,DK,DANMARK,
1077023,3,2885,2880,DK011,Byen København,
1077024,3,2890,2880,DK012,Københavns omegn,
1077025,3,2895,2880,DK013,Nordsjælland,
1077026,3,2900,2880,DK014,Bornholm,
1077027,3,2905,2880,DK021,Østsjælland,
1077028,3,2910,2880,DK022,Vest- og Sydsjælland,
1077029,3,2915,2880,DK031,Fyn,
1077030,3,2920,2880,DK032,Sydjylland,
1077031,3,2925,2880,DK041,Vestjylland,
1077032,3,2930,2880,DK042,Østjylland,
1077033,3,2935,2880,DK050,Nordjylland,
1077034,3,2940,2880,DKZZZ,Extra-Regio NUTS 3,
1077035,2,2945,2415,DE,DEUTSCHLAND,
1077036,3,2950,2945,DE111,"Stuttgart, Stadtkreis",
1077037,3,2955,2945,DE112,Böblingen,
1077038,3,2960,2945,DE113,Esslingen,
1077039,3,2965,2945,DE114,Göppingen,
1077040,3,2970,2945,DE115,Ludwigsburg,
1077041,3,2975,2945,DE116,Rems-Murr-Kreis,
1077042,3,2980,2945,DE117,"Heilbronn, Stadtkreis",
1077043,3,2985,2945,DE118,"Heilbronn, Landkreis",
1077044,3,2990,2945,DE119,Hohenlohekreis,
1077045,3,2995,2945,DE11A,Schwäbisch Hall,
1077046,3,3000,2945,DE11B,Main-Tauber-Kreis,
1077047,3,3005,2945,DE11C,Heidenheim,
1077048,3,3010,2945,DE11D,Ostalbkreis,
1077049,3,3015,2945,DE121,"Baden-Baden, Stadtkreis",
1077050,3,3020,2945,DE122,"Karlsruhe, Stadtkreis",
1077051,3,3025,2945,DE123,"Karlsruhe, Landkreis",
1077052,3,3030,2945,DE124,Rastatt,
1077053,3,3035,2945,DE125,"Heidelberg, Stadtkreis",
1077054,3,3040,2945,DE126,"Mannheim, Stadtkreis",
1077055,3,3045,2945,DE127,Neckar-Odenwald-Kreis,
1077056,3,3050,2945,DE128,Rhein-Neckar-Kreis,
1077057,3,3055,2945,DE129,"Pforzheim, Stadtkreis",
1077058,3,3060,2945,DE12A,Calw,
1077059,3,3065,2945,DE12B,Enzkreis,
1077060,3,3070,2945,DE12C,Freudenstadt,
1077061,3,3075,2945,DE131,"Freiburg im Breisgau, Stadtkreis",
1077062,3,3080,2945,DE132,Breisgau-Hochschwarzwald,
1077063,3,3085,2945,DE133,Emmendingen,
1077064,3,3090,2945,DE134,Ortenaukreis,
1077065,3,3095,2945,DE135,Rottweil,
1077066,3,3100,2945,DE136,Schwarzwald-Baar-Kreis,
1077067,3,3105,2945,DE137,Tuttlingen,
1077068,3,3110,2945,DE138,Konstanz,
1077069,3,3115,2945,DE139,Lörrach,
1077070,3,3120,2945,DE13A,Waldshut,
1077071,3,3125,2945,DE141,Reutlingen,
1077072,3,3130,2945,DE142,"Tübingen, Landkreis",
1077073,3,3135,2945,DE143,Zollernalbkreis,
1077074,3,3140,2945,DE144,"Ulm, Stadtkreis",
1077075,3,3145,2945,DE145,Alb-Donau-Kreis,
1077076,3,3150,2945,DE146,Biberach,
1077077,3,3155,2945,DE147,Bodenseekreis,
1077078,3,3160,2945,DE148,Ravensburg,
1077079,3,3165,2945,DE149,Sigmaringen,
1077080,3,3170,2945,DE211,"Ingolstadt, Kreisfreie Stadt",
1077081,3,3175,2945,DE212,"München, Kreisfreie Stadt",
1077082,3,3180,2945,DE213,"Rosenheim, Kreisfreie Stadt",
1077083,3,3185,2945,DE214,Altötting,
1077084,3,3190,2945,DE215,Berchtesgadener Land,
1077085,3,3195,2945,DE216,Bad Tölz-Wolfratshausen,
1077086,3,3200,2945,DE217,Dachau,
1077087,3,3205,2945,DE218,Ebersberg,
1077088,3,3210,2945,DE219,Eichstätt,
1077089,3,3215,2945,DE21A,Erding,
1077090,3,3220,2945,DE21B,Freising,
1077091,3,3225,2945,DE21C,Fürstenfeldbruck,
1077092,3,3230,2945,DE21D,Garmisch-Partenkirchen,
1077093,3,3235,2945,DE21E,Landsberg am Lech,
1077094,3,3240,2945,DE21F,Miesbach,
1077095,3,3245,2945,DE21G,Mühldorf a. Inn,
1077096,3,3250,2945,DE21H,"München, Landkreis",
1077097,3,3255,2945,DE21I,Neuburg-Schrobenhausen,
1077098,3,3260,2945,DE21J,Pfaffenhofen a. d. Ilm,
1077099,3,3265,2945,DE21K,"Rosenheim, Landkreis",
1077100,3,3270,2945,DE21L,Starnberg,
1077101,3,3275,2945,DE21M,Traunstein,
1077102,3,3280,2945,DE21N,Weilheim-Schongau,
1077103,3,3285,2945,DE221,"Landshut, Kreisfreie Stadt",
1077104,3,3290,2945,DE222,"Passau, Kreisfreie Stadt",
1077105,3,3295,2945,DE223,"Straubing, Kreisfreie Stadt",
1077106,3,3300,2945,DE224,Deggendorf,
1077107,3,3305,2945,DE225,Freyung-Grafenau,
1077108,3,3310,2945,DE226,Kelheim,
1077109,3,3315,2945,DE227,"Landshut, Landkreis",
1077110,3,3320,2945,DE228,"Passau, Landkreis",
1077111,3,3325,2945,DE229,Regen,
1077112,3,3330,2945,DE22A,Rottal-Inn,
1077113,3,3335,2945,DE22B,Straubing-Bogen,
1077114,3,3340,2945,DE22C,Dingolfing-Landau,
1077115,3,3345,2945,DE231,"Amberg, Kreisfreie Stadt",
1077116,3,3350,2945,DE232,"Regensburg, Kreisfreie Stadt",
1077117,3,3355,2945,DE233,"Weiden i. d. Opf, Kreisfreie Stadt",
1077118,3,3360,2945,DE234,Amberg-Sulzbach,
1077119,3,3365,2945,DE235,Cham,
1077120,3,3370,2945,DE236,Neumarkt i. d. OPf.,
1077121,3,3375,2945,DE237,Neustadt a. d. Waldnaab,
1077122,3,3380,2945,DE238,"Regensburg, Landkreis",
1077123,3,3385,2945,DE239,Schwandorf,
1077124,3,3390,2945,DE23A,Tirschenreuth,
1077125,3,3395,2945,DE241,"Bamberg, Kreisfreie Stadt",
1077126,3,3400,2945,DE242,"Bayreuth, Kreisfreie Stadt",
1077127,3,3405,2945,DE243,"Coburg, Kreisfreie Stadt",
1077128,3,3410,2945,DE244,"Hof, Kreisfreie Stadt",
1077129,3,3415,2945,DE245,"Bamberg, Landkreis",
1077130,3,3420,2945,DE246,"Bayreuth, Landkreis",
1077131,3,3425,2945,DE247,"Coburg, Landkreis",
1077132,3,3430,2945,DE248,Forchheim,
1077133,3,3435,2945,DE249,"Hof, Landkreis",
1077134,3,3440,2945,DE24A,Kronach,
1077135,3,3445,2945,DE24B,Kulmbach,
1077136,3,3450,2945,DE24C,Lichtenfels,
1077137,3,3455,2945,DE24D,Wunsiedel i. Fichtelgebirge,
1077138,3,3460,2945,DE251,"Ansbach, Kreisfreie Stadt",
1077139,3,3465,2945,DE252,"Erlangen, Kreisfreie Stadt",
1077140,3,3470,2945,DE253,"Fürth, Kreisfreie Stadt",
1077141,3,3475,2945,DE254,"Nürnberg, Kreisfreie Stadt",
1077142,3,3480,2945,DE255,"Schwabach, Kreisfreie Stadt",
1077143,3,3485,2945,DE256,"Ansbach, Landkreis",
1077144,3,3490,2945,DE257,Erlangen-Höchstadt,
1077145,3,3495,2945,DE258,"Fürth, Landkreis",
1077146,3,3500,2945,DE259,Nürnberger Land,
1077147,3,3505,2945,DE25A,Neustadt a. d. Aisch-Bad Windsheim,
1077148,3,3510,2945,DE25B,Roth,
1077149,3,3515,2945,DE25C,Weißenburg-Gunzenhausen,
1077150,3,3520,2945,DE261,"Aschaffenburg, Kreisfreie Stadt",
1077151,3,3525,2945,DE262,"Schweinfurt, Kreisfreie Stadt",
1077152,3,3530,2945,DE263,"Würzburg, Kreisfreie Stadt",
1077153,3,3535,2945,DE264,"Aschaffenburg, Landkreis",
1077154,3,3540,2945,DE265,Bad Kissingen,
1077155,3,3545,2945,DE266,Rhön-Grabfeld,
1077156,3,3550,2945,DE267,Haßberge,
1077157,3,3555,2945,DE268,Kitzingen,
1077158,3,3560,2945,DE269,Miltenberg,
1077159,3,3565,2945,DE26A,Main-Spessart,
1077160,3,3570,2945,DE26B,"Schweinfurt, Landkreis",
1077161,3,3575,2945,DE26C,"Würzburg, Landkreis",
1077162,3,3580,2945,DE271,"Augsburg, Kreisfreie Stadt",
1077163,3,3585,2945,DE272,"Kaufbeuren, Kreisfreie Stadt",
1077164,3,3590,2945,DE273,"Kempten (Allgäu), Kreisfreie Stadt",
1077165,3,3595,2945,DE274,"Memmingen, Kreisfreie Stadt",
1077166,3,3600,2945,DE275,Aichach-Friedberg,
1077167,3,3605,2945,DE276,"Augsburg, Landkreis",
1077168,3,3610,2945,DE277,Dillingen a.d. Donau,
1077169,3,3615,2945,DE278,Günzburg,
1077170,3,3620,2945,DE279,Neu-Ulm,
1077171,3,3625,2945,DE27A,Lindau (Bodensee),
1077172,3,3630,2945,DE27B,Ostallgäu,
1077173,3,3635,2945,DE27C,Unterallgäu,
1077174,3,3640,2945,DE27D,Donau-Ries,
1077175,3,3645,2945,DE27E,Oberallgäu,
1077176,3,3650,2945,DE300,Berlin,
1077177,3,3655,2945,DE401,"Brandenburg an der Havel, Kreisfreie Stadt",
1077178,3,3660,2945,DE402,"Cottbus, Kreisfreie Stadt",
1077179,3,3665,2945,DE403,"Frankfurt (Oder), Kreisfreie Stadt",
1077180,3,3670,2945,DE404,"Potsdam, Kreisfreie Stadt",
1077181,3,3675,2945,DE405,Barnim,
1077182,3,3680,2945,DE406,Dahme-Spreewald,
1077183,3,3685,2945,DE407,Elbe-Elster,
1077184,3,3690,2945,DE408,Havelland,
1077185,3,3695,2945,DE409,Märkisch-Oderland,
1077186,3,3700,2945,DE40A,Oberhavel,
1077187,3,3705,2945,DE40B,Oberspreewald-Lausitz,
1077188,3,3710,2945,DE40C,Oder-Spree,
1077189,3,3715,2945,DE40D,Ostprignitz-Ruppin,
1077190,3,3720,2945,DE40E,Potsdam-Mittelmark,
1077191,3,3725,2945,DE40F,Prignitz,
1077192,3,3730,2945,DE40G,Spree-Neiße,
1077193,3,3735,2945,DE40H,Teltow-Fläming,
1077194,3,3740,2945,DE40I,Uckermark,
1077195,3,3745,2945,DE501,"Bremen, Kreisfreie Stadt",
1077196,3,3750,2945,DE502,"Bremerhaven, Kreisfreie Stadt",
1077197,3,3755,2945,DE600,Hamburg,
1077198,3,3760,2945,DE711,"Darmstadt, Kreisfreie Stadt",
1077199,3,3765,2945,DE712,"Frankfurt am Main, Kreisfreie Stadt",
1077200,3,3770,2945,DE713,"Offenbach am Main, Kreisfreie Stadt",
1077201,3,3775,2945,DE714,"Wiesbaden, Kreisfreie Stadt",
1077202,3,3780,2945,DE715,Bergstraße,
1077203,3,3785,2945,DE716,Darmstadt-Dieburg,
1077204,3,3790,2945,DE717,Groß-Gerau,
1077205,3,3795,2945,DE718,Hochtaunuskreis,
1077206,3,3800,2945,DE719,Main-Kinzig-Kreis,
1077207,3,3805,2945,DE71A,Main-Taunus-Kreis,
1077208,3,3810,2945,DE71B,Odenwaldkreis,
1077209,3,3815,2945,DE71C,"Offenbach, Landkreis",
1077210,3,3820,2945,DE71D,Rheingau-Taunus-Kreis,
1077211,3,3825,2945,DE71E,Wetteraukreis,
1077212,3,3830,2945,DE721,"Gießen, Landkreis",
1077213,3,3835,2945,DE722,Lahn-Dill-Kreis,
1077214,3,3840,2945,DE723,Limburg-Weilburg,
1077215,3,3845,2945,DE724,Marburg-Biedenkopf,
1077216,3,3850,2945,DE725,Vogelsbergkreis,
1077217,3,3855,2945,DE731,"Kassel, Kreisfreie Stadt",
1077218,3,3860,2945,DE732,Fulda,
1077219,3,3865,2945,DE733,Hersfeld-Rotenburg,
1077220,3,3870,2945,DE734,"Kassel, Landkreis",
1077221,3,3875,2945,DE735,Schwalm-Eder-Kreis,
1077222,3,3880,2945,DE736,Waldeck-Frankenberg,
1077223,3,3885,2945,DE737,Werra-Meißner-Kreis,
1077224,3,3890,2945,DE801,"Greifswald, Kreisfreie Stadt",
1077225,3,3895,2945,DE802,"Neubrandenburg, Kreisfreie Stadt",
1077226,3,3900,2945,DE803,"Rostock, Kreisfreie Stadt",
1077227,3,3905,2945,DE804,"Schwerin, Kreisfreie Stadt",
1077228,3,3910,2945,DE805,"Stralsund, Kreisfreie Stadt",
1077229,3,3915,2945,DE806,"Wismar, Kreisfreie Stadt",
1077230,3,3920,2945,DE807,Bad Doberan,
1077231,3,3925,2945,DE808,Demmin,
1077232,3,3930,2945,DE809,Güstrow,
1077233,3,3935,2945,DE80A,Ludwigslust,
1077234,3,3940,2945,DE80B,Mecklenburg-Strelitz,
1077235,3,3945,2945,DE80C,Müritz,
1077236,3,3950,2945,DE80D,Nordvorpommern,
1077237,3,3955,2945,DE80E,Nordwestmecklenburg,
1077238,3,3960,2945,DE80F,Ostvorpommern,
1077239,3,3965,2945,DE80G,Parchim,
1077240,3,3970,2945,DE80H,Rügen,
1077241,3,3975,2945,DE80I,Uecker-Randow,
1077242,3,3980,2945,DE911,"Braunschweig, Kreisfreie Stadt",
1077243,3,3985,2945,DE912,"Salzgitter, Kreisfreie Stadt",
1077244,3,3990,2945,DE913,"Wolfsburg, Kreisfreie Stadt",
1077245,3,3995,2945,DE914,Gifhorn,
1077246,3,4000,2945,DE915,Göttingen,
1077247,3,4005,2945,DE916,Goslar,
1077248,3,4010,2945,DE917,Helmstedt,
1077249,3,4015,2945,DE918,Northeim,
1077250,3,4020,2945,DE919,Osterode am Harz,
1077251,3,4025,2945,DE91A,Peine,
1077252,3,4030,2945,DE91B,Wolfenbüttel,
1077253,3,4035,2945,DE922,Diepholz,
1077254,3,4040,2945,DE923,Hameln-Pyrmont,
1077255,3,4045,2945,DE925,Hildesheim,
1077256,3,4050,2945,DE926,Holzminden,
1077257,3,4055,2945,DE927,Nienburg (Weser),
1077258,3,4060,2945,DE928,Schaumburg,
1077259,3,4065,2945,DE929,Region Hannover,
1077260,3,4070,2945,DE931,Celle,
1077261,3,4075,2945,DE932,Cuxhaven,
1077262,3,4080,2945,DE933,Harburg,
1077263,3,4085,2945,DE934,Lüchow-Dannenberg,
1077264,3,4090,2945,DE935,"Lüneburg, Landkreis",
1077265,3,4095,2945,DE936,Osterholz,
1077266,3,4100,2945,DE937,Rotenburg (Wümme),
1077267,3,4105,2945,DE938,Soltau-Fallingbostel,
1077268,3,4110,2945,DE939,Stade,
1077269,3,4115,2945,DE93A,Uelzen,
1077270,3,4120,2945,DE93B,Verden,
1077271,3,4125,2945,DE941,"Delmenhorst, Kreisfreie Stadt",
1077272,3,4130,2945,DE942,"Emden, Kreisfreie Stadt",
1077273,3,4135,2945,DE943,"Oldenburg (Oldenburg), Kreisfreie Stadt",
1077274,3,4140,2945,DE944,"Osnabrück, Kreisfreie Stadt",
1077275,3,4145,2945,DE945,"Wilhelmshaven, Kreisfreie Stadt",
1077276,3,4150,2945,DE946,Ammerland,
1077277,3,4155,2945,DE947,Aurich,
1077278,3,4160,2945,DE948,Cloppenburg,
1077279,3,4165,2945,DE949,Emsland,
1077280,3,4170,2945,DE94A,Friesland (DE),
1077281,3,4175,2945,DE94B,Grafschaft Bentheim,
1077282,3,4180,2945,DE94C,Leer,
1077283,3,4185,2945,DE94D,"Oldenburg, Landkreis",
1077284,3,4190,2945,DE94E,"Osnabrück, Landkreis",
1077285,3,4195,2945,DE94F,Vechta,
1077286,3,4200,2945,DE94G,Wesermarsch,
1077287,3,4205,2945,DE94H,Wittmund,
1077288,3,4210,2945,DEA11,"Düsseldorf, Kreisfreie Stadt",
1077289,3,4215,2945,DEA12,"Duisburg, Kreisfreie Stadt",
1077290,3,4220,2945,DEA13,"Essen, Kreisfreie Stadt",
1077291,3,4225,2945,DEA14,"Krefeld, Kreisfreie Stadt",
1077292,3,4230,2945,DEA15,"Mönchengladbach, Kreisfreie Stadt",
1077293,3,4235,2945,DEA16,"Mülheim an der Ruhr, Kreisfreie Stadt",
1077294,3,4240,2945,DEA17,"Oberhausen, Kreisfreie Stadt",
1077295,3,4245,2945,DEA18,"Remscheid, Kreisfreie Stadt",
1077296,3,4250,2945,DEA19,"Solingen, Kreisfreie Stadt",
1077297,3,4255,2945,DEA1A,"Wuppertal, Kreisfreie Stadt",
1077298,3,4260,2945,DEA1B,Kleve,
1077299,3,4265,2945,DEA1C,Mettmann,
1077300,3,4270,2945,DEA1D,Rhein-Kreis Neuss,
1077301,3,4275,2945,DEA1E,Viersen,
1077302,3,4280,2945,DEA1F,Wesel,
1077303,3,4285,2945,DEA22,"Bonn, Kreisfreie Stadt",
1077304,3,4290,2945,DEA23,"Köln, Kreisfreie Stadt",
1077305,3,4295,2945,DEA24,"Leverkusen, Kreisfreie Stadt",
1077306,3,4300,2945,DEA26,Düren,
1077307,3,4305,2945,DEA27,Rhein-Erft-Kreis,
1077308,3,4310,2945,DEA28,Euskirchen,
1077309,3,4315,2945,DEA29,Heinsberg,
1077310,3,4320,2945,DEA2A,Oberbergischer Kreis,
1077311,3,4325,2945,DEA2B,Rheinisch-Bergischer Kreis,
1077312,3,4330,2945,DEA2C,Rhein-Sieg-Kreis,
1077313,3,4335,2945,DEA2D,Städteregion Aachen,
1077314,3,4340,2945,DEA31,"Bottrop, Kreisfreie Stadt",
1077315,3,4345,2945,DEA32,"Gelsenkirchen, Kreisfreie Stadt",
1077316,3,4350,2945,DEA33,"Münster, Kreisfreie Stadt",
1077317,3,4355,2945,DEA34,Borken,
1077318,3,4360,2945,DEA35,Coesfeld,
1077319,3,4365,2945,DEA36,Recklinghausen,
1077320,3,4370,2945,DEA37,Steinfurt,
1077321,3,4375,2945,DEA38,Warendorf,
1077322,3,4380,2945,DEA41,"Bielefeld, Kreisfreie Stadt",
1077323,3,4385,2945,DEA42,Gütersloh,
1077324,3,4390,2945,DEA43,Herford,
1077325,3,4395,2945,DEA44,Höxter,
1077326,3,4400,2945,DEA45,Lippe,
1077327,3,4405,2945,DEA46,Minden-Lübbecke,
1077328,3,4410,2945,DEA47,Paderborn,
1077329,3,4415,2945,DEA51,"Bochum, Kreisfreie Stadt",
1077330,3,4420,2945,DEA52,"Dortmund, Kreisfreie Stadt",
1077331,3,4425,2945,DEA53,"Hagen, Kreisfreie Stadt",
1077332,3,4430,2945,DEA54,"Hamm, Kreisfreie Stadt",
1077333,3,4435,2945,DEA55,"Herne, Kreisfreie Stadt",
1077334,3,4440,2945,DEA56,Ennepe-Ruhr-Kreis,
1077335,3,4445,2945,DEA57,Hochsauerlandkreis,
1077336,3,4450,2945,DEA58,Märkischer Kreis,
1077337,3,4455,2945,DEA59,Olpe,
1077338,3,4460,2945,DEA5A,Siegen-Wittgenstein,
1077339,3,4465,2945,DEA5B,Soest,
1077340,3,4470,2945,DEA5C,Unna,
1077341,3,4475,2945,DEB11,"Koblenz, Kreisfreie Stadt",
1077342,3,4480,2945,DEB12,Ahrweiler,
1077343,3,4485,2945,DEB13,Altenkirchen (Westerwald),
1077344,3,4490,2945,DEB14,Bad Kreuznach,
1077345,3,4495,2945,DEB15,Birkenfeld,
1077346,3,4500,2945,DEB16,Cochem-Zell,
1077347,3,4505,2945,DEB17,Mayen-Koblenz,
1077348,3,4510,2945,DEB18,Neuwied,
1077349,3,4515,2945,DEB19,Rhein-Hunsrück-Kreis,
1077350,3,4520,2945,DEB1A,Rhein-Lahn-Kreis,
1077351,3,4525,2945,DEB1B,Westerwaldkreis,
1077352,3,4530,2945,DEB21,"Trier, Kreisfreie Stadt",
1077353,3,4535,2945,DEB22,Bernkastel-Wittlich,
1077354,3,4540,2945,DEB23,Eifelkreis Bitburg-Prüm,
1077355,3,4545,2945,DEB24,Vulkaneifel,
1077356,3,4550,2945,DEB25,Trier-Saarburg,
1077357,3,4555,2945,DEB31,"Frankenthal (Pfalz), Kreisfreie Stadt",
1077358,3,4560,2945,DEB32,"Kaiserslautern, Kreisfreie Stadt",
1077359,3,4565,2945,DEB33,"Landau in der Pfalz, Kreisfreie Stadt",
1077360,3,4570,2945,DEB34,"Ludwigshafen am Rhein, Kreisfreie Stadt",
1077361,3,4575,2945,DEB35,"Mainz, Kreisfreie Stadt",
1077362,3,4580,2945,DEB36,"Neustadt an der Weinstraße, Kreisfreie Stadt",
1077363,3,4585,2945,DEB37,"Pirmasens, Kreisfreie Stadt",
1077364,3,4590,2945,DEB38,"Speyer, Kreisfreie Stadt",
1077365,3,4595,2945,DEB39,"Worms, Kreisfreie Stadt",
1077366,3,4600,2945,DEB3A,"Zweibrücken, Kreisfreie Stadt",
1077367,3,4605,2945,DEB3B,Alzey-Worms,
1077368,3,4610,2945,DEB3C,Bad Dürkheim,
1077369,3,4615,2945,DEB3D,Donnersbergkreis,
1077370,3,4620,2945,DEB3E,Germersheim,
1077371,3,4625,2945,DEB3F,"Kaiserslautern, Landkreis",
1077372,3,4630,2945,DEB3G,Kusel,
1077373,3,4635,2945,DEB3H,Südliche Weinstraße,
1077374,3,4640,2945,DEB3I,Rhein-Pfalz-Kreis,
1077375,3,4645,2945,DEB3J,Mainz-Bingen,
1077376,3,4650,2945,DEB3K,Südwestpfalz,
1077377,3,4655,2945,DEC01,Regionalverband Saarbrücken,
1077378,3,4660,2945,DEC02,Merzig-Wadern,
1077379,3,4665,2945,DEC03,Neunkirchen,
1077380,3,4670,2945,DEC04,Saarlouis,
1077381,3,4675,2945,DEC05,Saarpfalz-Kreis,
1077382,3,4680,2945,DEC06,St. Wendel,
1077383,3,4685,2945,DED21,"Dresden, Kreisfreie Stadt",
1077384,3,4690,2945,DED2D,Görlitz,
1077385,3,4695,2945,DED2C,Bautzen,
1077386,3,4700,2945,DED2E,Meißen,
1077387,3,4705,2945,DED2F,Sächsische Schweiz-Osterzgebirge,
1077388,3,4710,2945,DED41,"Chemnitz, Kreisfreie Stadt",
1077389,3,4715,2945,DED42,Erzgebirgskreis,
1077390,3,4720,2945,DED43,Mittelsachsen,
1077391,3,4725,2945,DED44,Vogtlandkreis,
1077392,3,4730,2945,DED45,Zwickau,
1077393,3,4735,2945,DED51,"Leipzig, Kreisfreie Stadt",
1077394,3,4740,2945,DED52,Leipzig,
1077395,3,4745,2945,DED53,Nordsachsen,
1077396,3,4750,2945,DEE01,"Dessau-Roßlau, Kreisfreie Stadt",
1077397,3,4755,2945,DEE02,"Halle (Saale), Kreisfreie Stadt",
1077398,3,4760,2945,DEE03,"Magdeburg, Kreisfreie Stadt",
1077399,3,4765,2945,DEE04,Altmarkkreis Salzwedel,
1077400,3,4770,2945,DEE05,Anhalt-Bitterfeld,
1077401,3,4775,2945,DEE06,Jerichower Land,
1077402,3,4780,2945,DEE07,Börde,
1077403,3,4785,2945,DEE08,Burgenland (DE),
1077404,3,4790,2945,DEE09,Harz,
1077405,3,4795,2945,DEE0A,Mansfeld-Südharz,
1077406,3,4800,2945,DEE0B,Saalekreis,
1077407,3,4805,2945,DEE0C,Salzlandkreis,
1077408,3,4810,2945,DEE0D,Stendal,
1077409,3,4815,2945,DEE0E,Wittenberg,
1077410,3,4820,2945,DEF01,"Flensburg, Kreisfreie Stadt",
1077411,3,4825,2945,DEF02,"Kiel, Kreisfreie Stadt",
1077412,3,4830,2945,DEF03,"Lübeck, Kreisfreie Stadt",
1077413,3,4835,2945,DEF04,"Neumünster, Kreisfreie Stadt",
1077414,3,4840,2945,DEF05,Dithmarschen,
1077415,3,4845,2945,DEF06,Herzogtum Lauenburg,
1077416,3,4850,2945,DEF07,Nordfriesland,
1077417,3,4855,2945,DEF08,Ostholstein,
1077418,3,4860,2945,DEF09,Pinneberg,
1077419,3,4865,2945,DEF0A,Plön,
1077420,3,4870,2945,DEF0B,Rendsburg-Eckernförde,
1077421,3,4875,2945,DEF0C,Schleswig-Flensburg,
1077422,3,4880,2945,DEF0D,Segeberg,
1077423,3,4885,2945,DEF0E,Steinburg,
1077424,3,4890,2945,DEF0F,Stormarn,
1077425,3,4895,2945,DEG01,"Erfurt, Kreisfreie Stadt",
1077426,3,4900,2945,DEG02,"Gera, Kreisfreie Stadt",
1077427,3,4905,2945,DEG03,"Jena, Kreisfreie Stadt",
1077428,3,4910,2945,DEG04,"Suhl, Kreisfreie Stadt",
1077429,3,4915,2945,DEG05,"Weimar, Kreisfreie Stadt",
1077430,3,4920,2945,DEG06,Eichsfeld,
1077431,3,4925,2945,DEG07,Nordhausen,
1077432,3,4930,2945,DEG09,Unstrut-Hainich-Kreis,
1077433,3,4935,2945,DEG0A,Kyffhäuserkreis,
1077434,3,4940,2945,DEG0B,Schmalkalden-Meiningen,
1077435,3,4945,2945,DEG0C,Gotha,
1077436,3,4950,2945,DEG0D,Sömmerda,
1077437,3,4955,2945,DEG0E,Hildburghausen,
1077438,3,4960,2945,DEG0F,Ilm-Kreis,
1077439,3,4965,2945,DEG0G,Weimarer Land,
1077440,3,4970,2945,DEG0H,Sonneberg,
1077441,3,4975,2945,DEG0I,Saalfeld-Rudolstadt,
1077442,3,4980,2945,DEG0J,Saale-Holzland-Kreis,
1077443,3,4985,2945,DEG0K,Saale-Orla-Kreis,
1077444,3,4990,2945,DEG0L,Greiz,
1077445,3,4995,2945,DEG0M,Altenburger Land,
1077446,3,5000,2945,DEG0N,"Eisenach, Kreisfreie Stadt",
1077447,3,5005,2945,DEG0P,Wartburgkreis,
1077448,3,5010,2945,DEZZZ,Extra-Regio NUTS 3,
1077449,2,5015,2415,EE,EESTI,
1077450,3,5020,5015,EE001,Põhja-Eesti,
1077451,3,5025,5015,EE004,Lääne-Eesti,
1077452,3,5030,5015,EE006,Kesk-Eesti,
1077453,3,5035,5015,EE007,Kirde-Eesti,
1077454,3,5040,5015,EE008,Lõuna-Eesti,
1077455,3,5045,5015,EEZZZ,Extra-Regio NUTS 3,
1077456,2,5050,2415,IE,IRELAND,
1077457,3,5055,5050,IE011,Border,
1077458,3,5060,5050,IE012,Midland,
1077459,3,5065,5050,IE013,West,
1077460,3,5070,5050,IE021,Dublin,
1077461,3,5075,5050,IE022,Mid-East,
1077462,3,5080,5050,IE023,Mid-West,
1077463,3,5085,5050,IE024,South-East (IE),
1077464,3,5090,5050,IE025,South-West (IE),
1077465,3,5095,5050,IEZZZ,Extra-Regio NUTS 3,
1077466,2,5100,2415,EL,ΕΛΛΑΔΑ (ELLADA),
1077467,3,5105,5100,EL111,Έβρος (Evros),
1077468,3,5110,5100,EL112,Ξάνθη (Xanthi),
1077469,3,5115,5100,EL113,Ροδόπη (Rodopi),
1077470,3,5120,5100,EL114,Δράμα (Drama),
1077471,3,5125,5100,EL115,Καβάλα (Kavala),
1077472,3,5130,5100,EL121,Ημαθία (Imathia),
1077473,3,5135,5100,EL122,Θεσσαλονίκη (Thessaloniki),
1077474,3,5140,5100,EL123,Κιλκίς (Kilkis),
1077475,3,5145,5100,EL124,Πέλλα (Pella),
1077476,3,5150,5100,EL125,Πιερία (Pieria),
1077477,3,5155,5100,EL126,Σέρρες (Serres),
1077478,3,5160,5100,EL127,Χαλκιδική (Chalkidiki),
1077479,3,5165,5100,EL131,Γρεβενά (Grevena),
1077480,3,5170,5100,EL132,Καστοριά (Kastoria),
1077481,3,5175,5100,EL133,Κοζάνη (Kozani),
1077482,3,5180,5100,EL134,Φλώρινα (Florina),
1077483,3,5185,5100,EL141,Καρδίτσα (Karditsa),
1077484,3,5190,5100,EL142,Λάρισα (Larisa),
1077485,3,5195,5100,EL143,Μαγνησία (Magnisia),
1077486,3,5200,5100,EL144,Τρίκαλα (Trikala),
1077487,3,5205,5100,EL211,Άρτα (Arta),
1077488,3,5210,5100,EL212,Θεσπρωτία (Thesprotia),
1077489,3,5215,5100,EL213,Ιωάννινα (Ioannina),
1077490,3,5220,5100,EL214,Πρέβεζα (Preveza),
1077491,3,5225,5100,EL221,Ζάκυνθος (Zakynthos),
1077492,3,5230,5100,EL222,Κέρκυρα (Kerkyra),
1077493,3,5235,5100,EL223,Κεφαλληνία (Kefallinia),
1077494,3,5240,5100,EL224,Λευκάδα (Lefkada),
1077495,3,5245,5100,EL231,Αιτωλοακαρνανία (Aitoloakarnania),
1077496,3,5250,5100,EL232,Αχαΐα (Achaia),
1077497,3,5255,5100,EL233,Ηλεία (Ileia),
1077498,3,5260,5100,EL241,Βοιωτία (Voiotia),
1077499,3,5265,5100,EL242,Εύβοια (Evvoia),
1077500,3,5270,5100,EL243,Ευρυτανία (Evrytania),
1077501,3,5275,5100,EL244,Φθιώτιδα (Fthiotida),
1077502,3,5280,5100,EL245,Φωκίδα (Fokida),
1077503,3,5285,5100,EL251,Αργολίδα (Argolida),
1077504,3,5290,5100,EL252,Αρκαδία (Arkadia),
1077505,3,5295,5100,EL253,Κορινθία (Korinthia),
1077506,3,5300,5100,EL254,Λακωνία (Lakonia),
1077507,3,5305,5100,EL255,Μεσσηνία (Messinia),
1077508,3,5310,5100,EL300,Aττική (Attiki),
1077509,3,5315,5100,EL411,Λέσβος (Lesvos),
1077510,3,5320,5100,EL412,Σάμος (Samos),
1077511,3,5325,5100,EL413,Χίος (Chios),
1077512,3,5330,5100,EL421,Δωδεκάνησος (Dodekanisos),
1077513,3,5335,5100,EL422,Κυκλάδες (Kyklades),
1077514,3,5340,5100,EL431,Ηράκλειο (Irakleio),
1077515,3,5345,5100,EL432,Λασίθι (Lasithi),
1077516,3,5350,5100,EL433,Ρεθύμνη (Rethymni),
1077517,3,5355,5100,EL434,Χανιά (Chania),
1077518,3,5360,5100,ELZZZ,Extra-Regio NUTS 3,
1077519,2,5365,2415,ES,ESPAÑA,
1077520,3,5370,5365,ES111,A Coruña,
1077521,3,5375,5365,ES112,Lugo,
1077522,3,5380,5365,ES113,Ourense,
1077523,3,5385,5365,ES114,Pontevedra,
1077524,3,5390,5365,ES120,Asturias,
1077525,3,5395,5365,ES130,Cantabria,
1077526,3,5400,5365,ES211,Álava,
1077527,3,5405,5365,ES212,Guipúzcoa,
1077528,3,5410,5365,ES213,Vizcaya,
1077529,3,5415,5365,ES220,Navarra,
1077530,3,5420,5365,ES230,La Rioja,
1077531,3,5425,5365,ES241,Huesca,
1077532,3,5430,5365,ES242,Teruel,
1077533,3,5435,5365,ES243,Zaragoza,
1077534,3,5440,5365,ES300,Madrid,
1077535,3,5445,5365,ES411,Ávila,
1077536,3,5450,5365,ES412,Burgos,
1077537,3,5455,5365,ES413,León,
1077538,3,5460,5365,ES414,Palencia,
1077539,3,5465,5365,ES415,Salamanca,
1077540,3,5470,5365,ES416,Segovia,
1077541,3,5475,5365,ES417,Soria,
1077542,3,5480,5365,ES418,Valladolid,
1077543,3,5485,5365,ES419,Zamora,
1077544,3,5490,5365,ES421,Albacete,
1077545,3,5495,5365,ES422,Ciudad Real,
1077546,3,5500,5365,ES423,Cuenca,
1077547,3,5505,5365,ES424,Guadalajara,
1077548,3,5510,5365,ES425,Toledo,
1077549,3,5515,5365,ES431,Badajoz,
1077550,3,5520,5365,ES432,Cáceres,
1077551,3,5525,5365,ES511,Barcelona,
1077552,3,5530,5365,ES512,Girona,
1077553,3,5535,5365,ES513,Lleida,
1077554,3,5540,5365,ES514,Tarragona,
1077555,3,5545,5365,ES521,Alicante / Alacant,
1077556,3,5550,5365,ES522,Castellón / Castelló,
1077557,3,5555,5365,ES523,Valencia / València,
1077558,3,5560,5365,ES531,Eivissa y Formentera,
1077559,3,5565,5365,ES532,Mallorca,
1077560,3,5570,5365,ES533,Menorca,
1077561,3,5575,5365,ES611,Almería,
1077562,3,5580,5365,ES612,Cádiz,
1077563,3,5585,5365,ES613,Córdoba,
1077564,3,5590,5365,ES614,Granada,
1077565,3,5595,5365,ES615,Huelva,
1077566,3,5600,5365,ES616,Jaén,
1077567,3,5605,5365,ES617,Málaga,
1077568,3,5610,5365,ES618,Sevilla,
1077569,3,5615,5365,ES620,Murcia,
1077570,3,5620,5365,ES630,Ceuta,
1077571,3,5625,5365,ES640,Melilla,
1077572,3,5630,5365,ES703,El Hierro,
1077573,3,5635,5365,ES704,Fuerteventura,
1077574,3,5640,5365,ES705,Gran Canaria,
1077575,3,5645,5365,ES706,La Gomera,
1077576,3,5650,5365,ES707,La Palma,
1077577,3,5655,5365,ES708,Lanzarote,
1077578,3,5660,5365,ES709,Tenerife,
1077579,3,5665,5365,ESZZZ,Extra-Regio NUTS 3,
1077580,2,5670,2415,FR,FRANCE,
1077581,3,5675,5670,FR101,Paris,
1077582,3,5680,5670,FR102,Seine-et-Marne,
1077583,3,5685,5670,FR103,Yvelines,
1077584,3,5690,5670,FR104,Essonne,
1077585,3,5695,5670,FR105,Hauts-de-Seine,
1077586,3,5700,5670,FR106,Seine-Saint-Denis,
1077587,3,5705,5670,FR107,Val-de-Marne,
1077588,3,5710,5670,FR108,Val-d'Oise,
1077589,3,5715,5670,FR211,Ardennes,
1077590,3,5720,5670,FR212,Aube,
1077591,3,5725,5670,FR213,Marne,
1077592,3,5730,5670,FR214,Haute-Marne,
1077593,3,5735,5670,FR221,Aisne,
1077594,3,5740,5670,FR222,Oise,
1077595,3,5745,5670,FR223,Somme,
1077596,3,5750,5670,FR231,Eure,
1077597,3,5755,5670,FR232,Seine-Maritime,
1077598,3,5760,5670,FR241,Cher,
1077599,3,5765,5670,FR242,Eure-et-Loir,
1077600,3,5770,5670,FR243,Indre,
1077601,3,5775,5670,FR244,Indre-et-Loire,
1077602,3,5780,5670,FR245,Loir-et-Cher,
1077603,3,5785,5670,FR246,Loiret,
1077604,3,5790,5670,FR251,Calvados,
1077605,3,5795,5670,FR252,Manche,
1077606,3,5800,5670,FR253,Orne,
1077607,3,5805,5670,FR261,Côte-d'Or,
1077608,3,5810,5670,FR262,Nièvre,
1077609,3,5815,5670,FR263,Saône-et-Loire,
1077610,3,5820,5670,FR264,Yonne,
1077611,3,5825,5670,FR301,Nord,
1077612,3,5830,5670,FR302,Pas-de-Calais,
1077613,3,5835,5670,FR411,Meurthe-et-Moselle,
1077614,3,5840,5670,FR412,Meuse,
1077615,3,5845,5670,FR413,Moselle,
1077616,3,5850,5670,FR414,Vosges,
1077617,3,5855,5670,FR421,Bas-Rhin,
1077618,3,5860,5670,FR422,Haut-Rhin,
1077619,3,5865,5670,FR431,Doubs,
1077620,3,5870,5670,FR432,Jura,
1077621,3,5875,5670,FR433,Haute-Saône,
1077622,3,5880,5670,FR434,Territoire de Belfort,
1077623,3,5885,5670,FR511,Loire-Atlantique,
1077624,3,5890,5670,FR512,Maine-et-Loire,
1077625,3,5895,5670,FR513,Mayenne,
1077626,3,5900,5670,FR514,Sarthe,
1077627,3,5905,5670,FR515,Vendée,
1077628,3,5910,5670,FR521,Côtes-d'Armor,
1077629,3,5915,5670,FR522,Finistère,
1077630,3,5920,5670,FR523,Ille-et-Vilaine,
1077631,3,5925,5670,FR524,Morbihan,
1077632,3,5930,5670,FR531,Charente,
1077633,3,5935,5670,FR532,Charente-Maritime,
1077634,3,5940,5670,FR533,Deux-Sèvres,
1077635,3,5945,5670,FR534,Vienne,
1077636,3,5950,5670,FR611,Dordogne,
1077637,3,5955,5670,FR612,Gironde,
1077638,3,5960,5670,FR613,Landes,
1077639,3,5965,5670,FR614,Lot-et-Garonne,
1077640,3,5970,5670,FR615,Pyrénées-Atlantiques,
1077641,3,5975,5670,FR621,Ariège,
1077642,3,5980,5670,FR622,Aveyron,
1077643,3,5985,5670,FR623,Haute-Garonne,
1077644,3,5990,5670,FR624,Gers,
1077645,3,5995,5670,FR625,Lot,
1077646,3,6000,5670,FR626,Hautes-Pyrénées,
1077647,3,6005,5670,FR627,Tarn,
1077648,3,6010,5670,FR628,Tarn-et-Garonne,
1077649,3,6015,5670,FR631,Corrèze,
1077650,3,6020,5670,FR632,Creuse,
1077651,3,6025,5670,FR633,Haute-Vienne,
1077652,3,6030,5670,FR711,Ain,
1077653,3,6035,5670,FR712,Ardèche,
1077654,3,6040,5670,FR713,Drôme,
1077655,3,6045,5670,FR714,Isère,
1077656,3,6050,5670,FR715,Loire,
1077657,3,6055,5670,FR716,Rhône,
1077658,3,6060,5670,FR717,Savoie,
1077659,3,6065,5670,FR718,Haute-Savoie,
1077660,3,6070,5670,FR721,Allier,
1077661,3,6075,5670,FR722,Cantal,
1077662,3,6080,5670,FR723,Haute-Loire,
1077663,3,6085,5670,FR724,Puy-de-Dôme,
1077664,3,6090,5670,FR811,Aude,
1077665,3,6095,5670,FR812,Gard,
1077666,3,6100,5670,FR813,Hérault,
1077667,3,6105,5670,FR814,Lozère,
1077668,3,6110,5670,FR815,Pyrénées-Orientales,
1077669,3,6115,5670,FR821,Alpes-de-Haute-Provence,
1077670,3,6120,5670,FR822,Hautes-Alpes,
1077671,3,6125,5670,FR823,Alpes-Maritimes,
1077672,3,6130,5670,FR824,Bouches-du-Rhône,
1077673,3,6135,5670,FR825,Var,
1077674,3,6140,5670,FR826,Vaucluse,
1077675,3,6145,5670,FR831,Corse-du-Sud,
1077676,3,6150,5670,FR832,Haute-Corse,
1077677,3,6155,5670,FR910,Guadeloupe,
1077678,3,6160,5670,FR920,Martinique,
1077679,3,6165,5670,FR930,Guyane,
1077680,3,6170,5670,FR940,Réunion,
1077681,3,6175,5670,FRZZZ,Extra-Regio NUTS 3,
1077682,2,6180,2415,HR,HRVATSKA,
1077683,3,6185,6180,HR031,Primorsko-goranska županija,
1077684,3,6190,6180,HR032,Ličko-senjska županija,
1077685,3,6195,6180,HR033,Zadarska županija,
1077686,3,6200,6180,HR034,Šibensko-kninska županija,
1077687,3,6205,6180,HR035,Splitsko-dalmatinska županija,
1077688,3,6210,6180,HR036,Istarska županija,
1077689,3,6215,6180,HR037,Dubrovačko-neretvanska županija,
1077690,3,6220,6180,HR041,Grad Zagreb,
1077691,3,6225,6180,HR042,Zagrebačka županija,
1077692,3,6230,6180,HR043,Krapinsko-zagorska županija,
1077693,3,6235,6180,HR044,Varaždinska županija,
1077694,3,6240,6180,HR045,Koprivničko-križevačka županija,
1077695,3,6245,6180,HR046,Međimurska županija,
1077696,3,6250,6180,HR047,Bjelovarsko-bilogorska županija,
1077697,3,6255,6180,HR048,Virovitičko-podravska županija,
1077698,3,6260,6180,HR049,Požeško-slavonska županija,
1077699,3,6265,6180,HR04A,Brodsko-posavska županija,
1077700,3,6270,6180,HR04B,Osječko-baranjska županija,
1077701,3,6275,6180,HR04C,Vukovarsko-srijemska županija,
1077702,3,6280,6180,HR04D,Karlovačka županija,
1077703,3,6285,6180,HR04E,Sisačko-moslavačka županija,
1077704,3,6287,6180,HRZZZ,Extra-Regio NUTS 3,
1077705,2,6290,2415,IT,ITALIA,
1077706,3,6295,6290,ITC11,Torino,
1077707,3,6300,6290,ITC12,Vercelli,
1077708,3,6305,6290,ITC13,Biella,
1077709,3,6310,6290,ITC14,Verbano-Cusio-Ossola,
1077710,3,6315,6290,ITC15,Novara,
1077711,3,6320,6290,ITC16,Cuneo,
1077712,3,6325,6290,ITC17,Asti,
1077713,3,6330,6290,ITC18,Alessandria,
1077714,3,6335,6290,ITC20,Valle d'Aosta/Vallée d'Aoste,
1077715,3,6340,6290,ITC31,Imperia,
1077716,3,6345,6290,ITC32,Savona,
1077717,3,6350,6290,ITC33,Genova,
1077718,3,6355,6290,ITC34,La Spezia,
1077719,3,6360,6290,ITC41,Varese,
1077720,3,6365,6290,ITC42,Como,
1077721,3,6370,6290,ITC43,Lecco,
1077722,3,6375,6290,ITC44,Sondrio,
1077723,3,6380,6290,ITC4C,Milano,
1077724,3,6385,6290,ITC4D,Monza e della Brianza,
1077725,3,6390,6290,ITC46,Bergamo,
1077726,3,6395,6290,ITC47,Brescia,
1077727,3,6400,6290,ITC48,Pavia,
1077728,3,6405,6290,ITC49,Lodi,
1077729,3,6410,6290,ITC4A,Cremona,
1077730,3,6415,6290,ITC4B,Mantova,
1077731,3,6420,6290,ITF11,L'Aquila,
1077732,3,6425,6290,ITF12,Teramo,
1077733,3,6430,6290,ITF13,Pescara,
1077734,3,6435,6290,ITF14,Chieti,
1077735,3,6440,6290,ITF21,Isernia,
1077736,3,6445,6290,ITF22,Campobasso,
1077737,3,6450,6290,ITF31,Caserta,
1077738,3,6455,6290,ITF32,Benevento,
1077739,3,6460,6290,ITF33,Napoli,
1077740,3,6465,6290,ITF34,Avellino,
1077741,3,6470,6290,ITF35,Salerno,
1077742,3,6475,6290,ITF46,Foggia,
1077743,3,6480,6290,ITF47,Bari,
1077744,3,6485,6290,ITF48,Barletta-Andria-Trani,
1077745,3,6490,6290,ITF43,Taranto,
1077746,3,6495,6290,ITF44,Brindisi,
1077747,3,6500,6290,ITF45,Lecce,
1077748,3,6505,6290,ITF51,Potenza,
1077749,3,6510,6290,ITF52,Matera,
1077750,3,6515,6290,ITF61,Cosenza,
1077751,3,6520,6290,ITF62,Crotone,
1077752,3,6525,6290,ITF63,Catanzaro,
1077753,3,6530,6290,ITF64,Vibo Valentia,
1077754,3,6535,6290,ITF65,Reggio di Calabria,
1077755,3,6540,6290,ITG11,Trapani,
1077756,3,6545,6290,ITG12,Palermo,
1077757,3,6550,6290,ITG13,Messina,
1077758,3,6555,6290,ITG14,Agrigento,
1077759,3,6560,6290,ITG15,Caltanissetta,
1077760,3,6565,6290,ITG16,Enna,
1077761,3,6570,6290,ITG17,Catania,
1077762,3,6575,6290,ITG18,Ragusa,
1077763,3,6580,6290,ITG19,Siracusa,
1077764,3,6585,6290,ITG25,Sassari,
1077765,3,6590,6290,ITG26,Nuoro,
1077766,3,6595,6290,ITG27,Cagliari,
1077767,3,6600,6290,ITG28,Oristano,
1077768,3,6605,6290,ITG29,Olbia-Tempio,
1077769,3,6610,6290,ITG2A,Ogliastra,
1077770,3,6615,6290,ITG2B,Medio Campidano,
1077771,3,6620,6290,ITG2C,Carbonia-Iglesias,
1077772,3,6625,6290,ITH10,Bolzano-Bozen,
1077773,3,6630,6290,ITH20,Trento,
1077774,3,6635,6290,ITH31,Verona,
1077775,3,6640,6290,ITH32,Vicenza,
1077776,3,6645,6290,ITH33,Belluno,
1077777,3,6650,6290,ITH34,Treviso,
1077778,3,6655,6290,ITH35,Venezia,
1077779,3,6660,6290,ITH36,Padova,
1077780,3,6665,6290,ITH37,Rovigo,
1077781,3,6670,6290,ITH41,Pordenone,
1077782,3,6675,6290,ITH42,Udine,
1077783,3,6680,6290,ITH43,Gorizia,
1077784,3,6685,6290,ITH44,Trieste,
1077785,3,6690,6290,ITH51,Piacenza,
1077786,3,6695,6290,ITH52,Parma,
1077787,3,6700,6290,ITH53,Reggio nell'Emilia,
1077788,3,6705,6290,ITH54,Modena,
1077789,3,6710,6290,ITH55,Bologna,
1077790,3,6715,6290,ITH56,Ferrara,
1077791,3,6720,6290,ITH57,Ravenna,
1077792,3,6725,6290,ITH58,Forlì-Cesena,
1077793,3,6730,6290,ITH59,Rimini,
1077794,3,6735,6290,ITI11,Massa-Carrara,
1077795,3,6740,6290,ITI12,Lucca,
1077796,3,6745,6290,ITI13,Pistoia,
1077797,3,6750,6290,ITI14,Firenze,
1077798,3,6755,6290,ITI15,Prato,
1077799,3,6760,6290,ITI16,Livorno,
1077800,3,6765,6290,ITI17,Pisa,
1077801,3,6770,6290,ITI18,Arezzo,
1077802,3,6775,6290,ITI19,Siena,
1077803,3,6780,6290,ITI1A,Grosseto,
1077804,3,6785,6290,ITI21,Perugia,
1077805,3,6790,6290,ITI22,Terni,
1077806,3,6795,6290,ITI31,Pesaro e Urbino,
1077807,3,6800,6290,ITI32,Ancona,
1077808,3,6805,6290,ITI33,Macerata,
1077809,3,6810,6290,ITI34,Ascoli Piceno,
1077810,3,6815,6290,ITI35,Fermo,
1077811,3,6820,6290,ITI41,Viterbo,
1077812,3,6825,6290,ITI42,Rieti,
1077813,3,6830,6290,ITI43,Roma,
1077814,3,6835,6290,ITI44,Latina,
1077815,3,6840,6290,ITI45,Frosinone,
1077816,3,6845,6290,ITZZZ,Extra-Regio NUTS 3,
1077817,2,6850,2415,CY,ΚΥΠΡΟΣ (KÝPROS),
1077818,3,6855,6850,CY000,Κύπρος (Kýpros),
1077819,3,6860,6850,CYZZZ,Extra-Regio NUTS 3,
1077820,2,6865,2415,LV,LATVIJA,
1077821,3,6870,6865,LV003,Kurzeme,
1077822,3,6875,6865,LV005,Latgale,
1077823,3,6880,6865,LV006,Rīga,
1077824,3,6885,6865,LV007,Pierīga,
1077825,3,6890,6865,LV008,Vidzeme,
1077826,3,6895,6865,LV009,Zemgale,
1077827,3,6900,6865,LVZZZ,Extra-Regio NUTS 3,
1077828,2,6905,2415,LT,LIETUVA,
1077829,3,6910,6905,LT001,Alytaus apskritis,
1077830,3,6915,6905,LT002,Kauno apskritis,
1077831,3,6920,6905,LT003,Klaipėdos apskritis,
1077832,3,6925,6905,LT004,Marijampolės apskritis,
1077833,3,6930,6905,LT005,Panevėžio apskritis,
1077834,3,6935,6905,LT006,Šiaulių apskritis,
1077835,3,6940,6905,LT007,Tauragės apskritis,
1077836,3,6945,6905,LT008,Telšių apskritis,
1077837,3,6950,6905,LT009,Utenos apskritis,
1077838,3,6955,6905,LT00A,Vilniaus apskritis,
1077839,3,6960,6905,LTZZZ,Extra-Regio NUTS 3,
1077840,2,6965,2415,LU,LUXEMBOURG,
1077841,3,6970,6965,LU000,Luxembourg,
1077842,3,6975,6965,LUZZZ,Extra-Regio NUTS 3,
1077843,2,6980,2415,HU,MAGYARORSZÁG,
1077844,3,6985,6980,HU101,Budapest,
1077845,3,6990,6980,HU102,Pest,
1077846,3,6995,6980,HU211,Fejér,
1077847,3,7000,6980,HU212,Komárom-Esztergom,
1077848,3,7005,6980,HU213,Veszprém,
1077849,3,7010,6980,HU221,Győr-Moson-Sopron,
1077850,3,7015,6980,HU222,Vas,
1077851,3,7020,6980,HU223,Zala,
1077852,3,7025,6980,HU231,Baranya,
1077853,3,7030,6980,HU232,Somogy,
1077854,3,7035,6980,HU233,Tolna,
1077855,3,7040,6980,HU311,Borsod-Abaúj-Zemplén,
1077856,3,7045,6980,HU312,Heves,
1077857,3,7050,6980,HU313,Nógrád,
1077858,3,7055,6980,HU321,Hajdú-Bihar,
1077859,3,7060,6980,HU322,Jász-Nagykun-Szolnok,
1077860,3,7065,6980,HU323,Szabolcs-Szatmár-Bereg,
1077861,3,7070,6980,HU331,Bács-Kiskun,
1077862,3,7075,6980,HU332,Békés,
1077863,3,7080,6980,HU333,Csongrád,
1077864,3,7085,6980,HUZZZ,Extra-Regio NUTS 3,
1077865,2,7090,2415,MT,MALTA,
1077866,3,7095,7090,MT001,Malta,
1077867,3,7100,7090,MT002,Gozo and Comino / Għawdex u Kemmuna,
1077868,3,7105,7090,MTZZZ,Extra-Regio NUTS 3,
1077869,2,7110,2415,NL,NEDERLAND,
1077870,3,7115,7110,NL111,Oost-Groningen,
1077871,3,7120,7110,NL112,Delfzijl en omgeving,
1077872,3,7125,7110,NL113,Overig Groningen,
1077873,3,7130,7110,NL121,Noord-Friesland,
1077874,3,7135,7110,NL122,Zuidwest-Friesland,
1077875,3,7140,7110,NL123,Zuidoost-Friesland,
1077876,3,7145,7110,NL131,Noord-Drenthe,
1077877,3,7150,7110,NL132,Zuidoost-Drenthe,
1077878,3,7155,7110,NL133,Zuidwest-Drenthe,
1077879,3,7160,7110,NL211,Noord-Overijssel,
1077880,3,7165,7110,NL212,Zuidwest-Overijssel,
1077881,3,7170,7110,NL213,Twente,
1077882,3,7175,7110,NL221,Veluwe,
1077883,3,7180,7110,NL224,Zuidwest-Gelderland,
1077884,3,7185,7110,NL225,Achterhoek,
1077885,3,7190,7110,NL226,Arnhem/Nijmegen,
1077886,3,7195,7110,NL230,Flevoland,
1077887,3,7200,7110,NL310,Utrecht,
1077888,3,7205,7110,NL321,Kop van Noord-Holland,
1077889,3,7210,7110,NL322,Alkmaar en omgeving,
1077890,3,7215,7110,NL323,IJmond,
1077891,3,7220,7110,NL324,Agglomeratie Haarlem,
1077892,3,7225,7110,NL325,Zaanstreek,
1077893,3,7230,7110,NL326,Groot-Amsterdam,
1077894,3,7235,7110,NL327,Het Gooi en Vechtstreek,
1077895,3,7240,7110,NL332,Agglomeratie 's-Gravenhage,
1077896,3,7245,7110,NL333,Delft en Westland,
1077897,3,7250,7110,NL337,Agglomeratie Leiden en Bollenstreek,
1077898,3,7255,7110,NL338,Oost-Zuid-Holland,
1077899,3,7260,7110,NL339,Groot-Rijnmond,
1077900,3,7265,7110,NL33A,Zuidoost-Zuid-Holland,
1077901,3,7270,7110,NL341,Zeeuwsch-Vlaanderen,
1077902,3,7275,7110,NL342,Overig Zeeland,
1077903,3,7280,7110,NL411,West-Noord-Brabant,
1077904,3,7285,7110,NL412,Midden-Noord-Brabant,
1077905,3,7290,7110,NL413,Noordoost-Noord-Brabant,
1077906,3,7295,7110,NL414,Zuidoost-Noord-Brabant,
1077907,3,7300,7110,NL421,Noord-Limburg,
1077908,3,7305,7110,NL422,Midden-Limburg,
1077909,3,7310,7110,NL423,Zuid-Limburg,
1077910,3,7315,7110,NLZZZ,Extra-Regio NUTS 3,
1077911,2,7320,2415,AT,ÖSTERREICH,
1077912,3,7325,7320,AT111,Mittelburgenland,
1077913,3,7330,7320,AT112,Nordburgenland,
1077914,3,7335,7320,AT113,Südburgenland,
1077915,3,7340,7320,AT121,Mostviertel-Eisenwurzen,
1077916,3,7345,7320,AT122,Niederösterreich-Süd,
1077917,3,7350,7320,AT123,Sankt Pölten,
1077918,3,7355,7320,AT124,Waldviertel,
1077919,3,7360,7320,AT125,Weinviertel,
1077920,3,7365,7320,AT126,Wiener Umland/Nordteil,
1077921,3,7370,7320,AT127,Wiener Umland/Südteil,
1077922,3,7375,7320,AT130,Wien,
1077923,3,7380,7320,AT211,Klagenfurt-Villach,
1077924,3,7385,7320,AT212,Oberkärnten,
1077925,3,7390,7320,AT213,Unterkärnten,
1077926,3,7395,7320,AT221,Graz,
1077927,3,7400,7320,AT222,Liezen,
1077928,3,7405,7320,AT223,Östliche Obersteiermark,
1077929,3,7410,7320,AT224,Oststeiermark,
1077930,3,7415,7320,AT225,West- und Südsteiermark,
1077931,3,7420,7320,AT226,Westliche Obersteiermark,
1077932,3,7425,7320,AT311,Innviertel,
1077933,3,7430,7320,AT312,Linz-Wels,
1077934,3,7435,7320,AT313,Mühlviertel,
1077935,3,7440,7320,AT314,Steyr-Kirchdorf,
1077936,3,7445,7320,AT315,Traunviertel,
1077937,3,7450,7320,AT321,Lungau,
1077938,3,7455,7320,AT322,Pinzgau-Pongau,
1077939,3,7460,7320,AT323,Salzburg und Umgebung,
1077940,3,7465,7320,AT331,Außerfern,
1077941,3,7470,7320,AT332,Innsbruck,
1077942,3,7475,7320,AT333,Osttirol,
1077943,3,7480,7320,AT334,Tiroler Oberland,
1077944,3,7485,7320,AT335,Tiroler Unterland,
1077945,3,7490,7320,AT341,Bludenz-Bregenzer Wald,
1077946,3,7495,7320,AT342,Rheintal-Bodenseegebiet,
1077947,3,7500,7320,ATZZZ,Extra-Regio NUTS 3,
1077948,2,7505,2415,PL,POLSKA,
1077949,3,7510,7505,PL113,Miasto Łódź,
1077950,3,7515,7505,PL114,Łódzki,
1077951,3,7520,7505,PL115,Piotrkowski,
1077952,3,7525,7505,PL116,Sieradzki,
1077953,3,7530,7505,PL117,Skierniewicki,
1077954,3,7535,7505,PL121,Ciechanowsko-płocki,
1077955,3,7540,7505,PL122,Ostrołęcko-siedlecki,
1077956,3,7545,7505,PL127,Miasto Warszawa,
1077957,3,7550,7505,PL128,Radomski,
1077958,3,7555,7505,PL129,Warszawski-wschodni,
1077959,3,7560,7505,PL12A,Warszawski-zachodni,
1077960,3,7565,7505,PL213,Miasto Kraków,
1077961,3,7570,7505,PL214,Krakowski,
1077962,3,7575,7505,PL215,Nowosądecki,
1077963,3,7580,7505,PL216,Oświęcimski,
1077964,3,7585,7505,PL217,Tarnowski,
1077965,3,7590,7505,PL224,Częstochowski,
1077966,3,7595,7505,PL225,Bielski,
1077967,3,7600,7505,PL227,Rybnicki,
1077968,3,7605,7505,PL228,Bytomski,
1077969,3,7610,7505,PL229,Gliwicki,
1077970,3,7615,7505,PL22A,Katowicki,
1077971,3,7620,7505,PL22B,Sosnowiecki,
1077972,3,7625,7505,PL22C,Tyski,
1077973,3,7630,7505,PL311,Bialski,
1077974,3,7635,7505,PL312,Chełmsko-zamojski,
1077975,3,7640,7505,PL315,Puławski,
1077976,3,7645,7505,PL314,Lubelski,
1077977,3,7650,7505,PL323,Krośnieński,
1077978,3,7655,7505,PL324,Przemyski,
1077979,3,7660,7505,PL325,Rzeszowski,
1077980,3,7665,7505,PL326,Tarnobrzeski,
1077981,3,7670,7505,PL331,Kielecki,
1077982,3,7675,7505,PL332,Sandomiersko-jędrzejowski,
1077983,3,7680,7505,PL343,Białostocki,
1077984,3,7685,7505,PL344,Łomżyński,
1077985,3,7690,7505,PL345,Suwalski,
1077986,3,7695,7505,PL411,Pilski,
1077987,3,7700,7505,PL414,Koniński,
1077988,3,7705,7505,PL415,Miasto Poznań,
1077989,3,7710,7505,PL416,Kaliski,
1077990,3,7715,7505,PL417,Leszczyński,
1077991,3,7720,7505,PL418,Poznański,
1077992,3,7725,7505,PL422,Koszaliński,
1077993,3,7730,7505,PL423,Stargardzki,
1077994,3,7735,7505,PL424,Miasto Szczecin,
1077995,3,7740,7505,PL425,Szczeciński,
1077996,3,7745,7505,PL431,Gorzowski,
1077997,3,7750,7505,PL432,Zielonogórski,
1077998,3,7755,7505,PL514,Miasto Wrocław,
1077999,3,7760,7505,PL515,Jeleniogórski,
1078000,3,7765,7505,PL516,Legnicko-Głogowski,
1078001,3,7770,7505,PL517,Wałbrzyski,
1078002,3,7775,7505,PL518,Wrocławski,
1078003,3,7780,7505,PL521,Nyski,
1078004,3,7785,7505,PL522,Opolski,
1078005,3,7790,7505,PL613,Bydgosko-Toruński,
1078006,3,7795,7505,PL614,Grudziądzki,
1078007,3,7800,7505,PL615,Włocławski,
1078008,3,7805,7505,PL621,Elbląski,
1078009,3,7810,7505,PL622,Olsztyński,
1078010,3,7815,7505,PL623,Ełcki,
1078011,3,7820,7505,PL631,Słupski,
1078012,3,7825,7505,PL633,Trójmiejski,
1078013,3,7830,7505,PL634,Gdański,
1078014,3,7835,7505,PL635,Starogardzki,
1078015,3,7840,7505,PLZZZ,Extra-Regio NUTS 3,
1078016,2,7845,2415,PT,PORTUGAL,
1078017,3,7850,7845,PT111,Minho-Lima,
1078018,3,7855,7845,PT112,Cávado,
1078019,3,7860,7845,PT113,Ave,
1078020,3,7865,7845,PT114,Grande Porto,
1078021,3,7870,7845,PT115,Tâmega,
1078022,3,7875,7845,PT116,Entre Douro e Vouga,
1078023,3,7880,7845,PT117,Douro,
1078024,3,7885,7845,PT118,Alto Trás-os-Montes,
1078025,3,7890,7845,PT150,Algarve,
1078026,3,7895,7845,PT161,Baixo Vouga,
1078027,3,7900,7845,PT162,Baixo Mondego,
1078028,3,7905,7845,PT163,Pinhal Litoral,
1078029,3,7910,7845,PT164,Pinhal Interior Norte,
1078030,3,7915,7845,PT165,Dão-Lafões,
1078031,3,7920,7845,PT166,Pinhal Interior Sul,
1078032,3,7925,7845,PT167,Serra da Estrela,
1078033,3,7930,7845,PT168,Beira Interior Norte,
1078034,3,7935,7845,PT169,Beira Interior Sul,
1078035,3,7940,7845,PT16A,Cova da Beira,
1078036,3,7945,7845,PT16B,Oeste,
1078037,3,7950,7845,PT16C,Médio Tejo,
1078038,3,7955,7845,PT171,Grande Lisboa,
1078039,3,7960,7845,PT172,Península de Setúbal,
1078040,3,7965,7845,PT181,Alentejo Litoral,
1078041,3,7970,7845,PT182,Alto Alentejo,
1078042,3,7975,7845,PT183,Alentejo Central,
1078043,3,7980,7845,PT184,Baixo Alentejo,
1078044,3,7985,7845,PT185,Lezíria do Tejo,
1078045,3,7990,7845,PT200,Região Autónoma dos Açores,
1078046,3,7995,7845,PT300,Região Autónoma da Madeira,
1078047,3,8000,7845,PTZZZ,Extra-Regio NUTS 3,
1078048,2,8005,2415,RO,ROMÂNIA,
1078049,3,8010,8005,RO111,Bihor,
1078050,3,8015,8005,RO112,Bistriţa-Năsăud,
1078051,3,8020,8005,RO113,Cluj,
1078052,3,8025,8005,RO114,Maramureş,
1078053,3,8030,8005,RO115,Satu Mare,
1078054,3,8035,8005,RO116,Sălaj,
1078055,3,8040,8005,RO121,Alba,
1078056,3,8045,8005,RO122,Braşov,
1078057,3,8050,8005,RO123,Covasna,
1078058,3,8055,8005,RO124,Harghita,
1078059,3,8060,8005,RO125,Mureş,
1078060,3,8065,8005,RO126,Sibiu,
1078061,3,8070,8005,RO211,Bacău,
1078062,3,8075,8005,RO212,Botoşani,
1078063,3,8080,8005,RO213,Iaşi,
1078064,3,8085,8005,RO214,Neamţ,
1078065,3,8090,8005,RO215,Suceava,
1078066,3,8095,8005,RO216,Vaslui,
1078067,3,8100,8005,RO221,Brăila,
1078068,3,8105,8005,RO222,Buzău,
1078069,3,8110,8005,RO223,Constanţa,
1078070,3,8115,8005,RO224,Galaţi,
1078071,3,8120,8005,RO225,Tulcea,
1078072,3,8125,8005,RO226,Vrancea,
1078073,3,8130,8005,RO311,Argeş,
1078074,3,8135,8005,RO312,Călăraşi,
1078075,3,8140,8005,RO313,Dâmboviţa,
1078076,3,8145,8005,RO314,Giurgiu,
1078077,3,8150,8005,RO315,Ialomiţa,
1078078,3,8155,8005,RO316,Prahova,
1078079,3,8160,8005,RO317,Teleorman,
1078080,3,8165,8005,RO321,Bucureşti,
1078081,3,8170,8005,RO322,Ilfov,
1078082,3,8175,8005,RO411,Dolj,
1078083,3,8180,8005,RO412,Gorj,
1078084,3,8185,8005,RO413,Mehedinţi,
1078085,3,8190,8005,RO414,Olt,
1078086,3,8195,8005,RO415,Vâlcea,
1078087,3,8200,8005,RO421,Arad,
1078088,3,8205,8005,RO422,Caraş-Severin,
1078089,3,8210,8005,RO423,Hunedoara,
1078090,3,8215,8005,RO424,Timiş,
1078091,3,8220,8005,ROZZZ,Extra-Regio NUTS 3,
1078092,2,8225,2415,SI,SLOVENIJA,
1078093,3,8230,8225,SI011,Pomurska,
1078094,3,8235,8225,SI012,Podravska,
1078095,3,8240,8225,SI013,Koroška,
1078096,3,8245,8225,SI014,Savinjska,
1078097,3,8250,8225,SI015,Zasavska,
1078098,3,8255,8225,SI016,Spodnjeposavska,
1078099,3,8260,8225,SI017,Jugovzhodna Slovenija,
1078100,3,8265,8225,SI018,Notranjsko-kraška,
1078101,3,8270,8225,SI021,Osrednjeslovenska,
1078102,3,8275,8225,SI022,Gorenjska,
1078103,3,8280,8225,SI023,Goriška,
1078104,3,8285,8225,SI024,Obalno-kraška,
1078105,3,8290,8225,SIZZZ,Extra-Regio NUTS 3,
1078106,2,8295,2415,SK,SLOVENSKO,
1078107,3,8300,8295,SK010,Bratislavský kraj,
1078108,3,8305,8295,SK021,Trnavský kraj,
1078109,3,8310,8295,SK022,Trenčiansky kraj,
1078110,3,8315,8295,SK023,Nitriansky kraj,
1078111,3,8320,8295,SK031,Žilinský kraj,
1078112,3,8325,8295,SK032,Banskobystrický kraj,
1078113,3,8330,8295,SK041,Prešovský kraj,
1078114,3,8335,8295,SK042,Košický kraj,
1078115,3,8340,8295,SKZZZ,Extra-Regio NUTS 3,
1078116,2,8345,2415,FI,SUOMI / FINLAND,
1078117,3,8350,8345,FI193,Keski-Suomi,
1078118,3,8355,8345,FI194,Etelä-Pohjanmaa,
1078119,3,8360,8345,FI195,Pohjanmaa,
1078120,3,8365,8345,FI196,Satakunta,
1078121,3,8370,8345,FI197,Pirkanmaa,
1078122,3,8375,8345,FI1B1,Helsinki-Uusimaa,
1078123,3,8380,8345,FI1C1,Varsinais-Suomi,
1078124,3,8385,8345,FI1C2,Kanta-Häme,
1078125,3,8390,8345,FI1C3,Päijät-Häme,
1078126,3,8395,8345,FI1C4,Kymenlaakso,
1078127,3,8400,8345,FI1C5,Etelä-Karjala,
1078128,3,8405,8345,FI1D1,Etelä-Savo,
1078129,3,8410,8345,FI1D2,Pohjois-Savo,
1078130,3,8415,8345,FI1D3,Pohjois-Karjala,
1078131,3,8420,8345,FI1D4,Kainuu,
1078132,3,8425,8345,FI1D5,Keski-Pohjanmaa,
1078133,3,8430,8345,FI1D6,Pohjois-Pohjanmaa,
1078134,3,8435,8345,FI1D7,Lappi,
1078135,3,8440,8345,FI200,Åland,
1078136,3,8445,8345,FIZZZ,Extra-Regio NUTS 3,
1078137,2,8450,2415,SE,SVERIGE,
1078138,3,8455,8450,SE110,Stockholms län,
1078139,3,8460,8450,SE121,Uppsala län,
1078140,3,8465,8450,SE122,Södermanlands län,
1078141,3,8470,8450,SE123,Östergötlands län,
1078142,3,8475,8450,SE124,Örebro län,
1078143,3,8480,8450,SE125,Västmanlands län,
1078144,3,8485,8450,SE211,Jönköpings län,
1078145,3,8490,8450,SE212,Kronobergs län,
1078146,3,8495,8450,SE213,Kalmar län,
1078147,3,8500,8450,SE214,Gotlands län,
1078148,3,8505,8450,SE221,Blekinge län,
1078149,3,8510,8450,SE224,Skåne län,
1078150,3,8515,8450,SE231,Hallands län,
1078151,3,8520,8450,SE232,Västra Götalands län,
1078152,3,8525,8450,SE311,Värmlands län,
1078153,3,8530,8450,SE312,Dalarnas län,
1078154,3,8535,8450,SE313,Gävleborgs län,
1078155,3,8540,8450,SE321,Västernorrlands län,
1078156,3,8545,8450,SE322,Jämtlands län,
1078157,3,8550,8450,SE331,Västerbottens län,
1078158,3,8555,8450,SE332,Norrbottens län,
1078159,3,8560,8450,SEZZZ,Extra-Regio NUTS 3,
1078160,2,8565,2415,UK,UNITED KINGDOM,
1078161,3,8570,8565,UKC11,Hartlepool and Stockton-on-Tees,
1078162,3,8575,8565,UKC12,South Teesside,
1078163,3,8580,8565,UKC13,Darlington,
1078164,3,8585,8565,UKC14,Durham CC,
1078165,3,8590,8565,UKC21,Northumberland,
1078166,3,8595,8565,UKC22,Tyneside,
1078167,3,8600,8565,UKC23,Sunderland,
1078168,3,8605,8565,UKD11,West Cumbria,
1078169,3,8610,8565,UKD12,East Cumbria,
1078170,3,8615,8565,UKD31,Greater Manchester South,
1078171,3,8620,8565,UKD32,Greater Manchester North,
1078172,3,8625,8565,UKD41,Blackburn with Darwen,
1078173,3,8630,8565,UKD42,Blackpool,
1078174,3,8635,8565,UKD43,Lancashire CC,
1078175,3,8640,8565,UKD61,Warrington,
1078176,3,8645,8565,UKD62,Cheshire East,
1078177,3,8650,8565,UKD63,Cheshire West and Chester,
1078178,3,8655,8565,UKD71,East Merseyside,
1078179,3,8660,8565,UKD72,Liverpool,
1078180,3,8665,8565,UKD73,Sefton,
1078181,3,8670,8565,UKD74,Wirral,
1078182,3,8675,8565,UKE11,"Kingston upon Hull, City of",
1078183,3,8680,8565,UKE12,East Riding of Yorkshire,
1078184,3,8685,8565,UKE13,North and North East Lincolnshire,
1078185,3,8690,8565,UKE21,York,
1078186,3,8695,8565,UKE22,North Yorkshire CC,
1078187,3,8700,8565,UKE31,"Barnsley, Doncaster and Rotherham",
1078188,3,8705,8565,UKE32,Sheffield,
1078189,3,8710,8565,UKE41,Bradford,
1078190,3,8715,8565,UKE42,Leeds,
1078191,3,8720,8565,UKE44,Calderdale and Kirklees,
1078192,3,8725,8565,UKE45,Wakefield,
1078193,3,8730,8565,UKF11,Derby,
1078194,3,8735,8565,UKF12,East Derbyshire,
1078195,3,8740,8565,UKF13,South and West Derbyshire,
1078196,3,8745,8565,UKF14,Nottingham,
1078197,3,8750,8565,UKF15,North Nottinghamshire,
1078198,3,8755,8565,UKF16,South Nottinghamshire,
1078199,3,8760,8565,UKF21,Leicester,
1078200,3,8765,8565,UKF22,Leicestershire CC and Rutland,
1078201,3,8770,8565,UKF24,West Northamptonshire,
1078202,3,8775,8565,UKF25,North Northamptonshire,
1078203,3,8780,8565,UKF30,Lincolnshire,
1078204,3,8785,8565,UKG11,"Herefordshire, County of",
1078205,3,8790,8565,UKG12,Worcestershire,
1078206,3,8795,8565,UKG13,Warwickshire,
1078207,3,8800,8565,UKG21,Telford and Wrekin,
1078208,3,8805,8565,UKG22,Shropshire CC,
1078209,3,8810,8565,UKG23,Stoke-on-Trent,
1078210,3,8815,8565,UKG24,Staffordshire CC,
1078211,3,8820,8565,UKG31,Birmingham,
1078212,3,8825,8565,UKG32,Solihull,
1078213,3,8830,8565,UKG33,Coventry,
1078214,3,8835,8565,UKG36,Dudley,
1078215,3,8840,8565,UKG37,Sandwell,
1078216,3,8845,8565,UKG38,Walsall,
1078217,3,8850,8565,UKG39,Wolverhampton,
1078218,3,8855,8565,UKH11,Peterborough,
1078219,3,8860,8565,UKH12,Cambridgeshire CC,
1078220,3,8865,8565,UKH13,Norfolk,
1078221,3,8870,8565,UKH14,Suffolk,
1078222,3,8875,8565,UKH21,Luton,
1078223,3,8880,8565,UKH23,Hertfordshire,
1078224,3,8885,8565,UKH24,Bedford,
1078225,3,8890,8565,UKH25,Central Bedfordshire,
1078226,3,8895,8565,UKH31,Southend-on-Sea,
1078227,3,8900,8565,UKH32,Thurrock,
1078228,3,8905,8565,UKH33,Essex CC,
1078229,3,8910,8565,UKI11,Inner London - West,
1078230,3,8915,8565,UKI12,Inner London - East,
1078231,3,8920,8565,UKI21,Outer London - East and North East,
1078232,3,8925,8565,UKI22,Outer London - South,
1078233,3,8930,8565,UKI23,Outer London - West and North West,
1078234,3,8935,8565,UKJ11,Berkshire,
1078235,3,8940,8565,UKJ12,Milton Keynes,
1078236,3,8945,8565,UKJ13,Buckinghamshire CC,
1078237,3,8950,8565,UKJ14,Oxfordshire,
1078238,3,8955,8565,UKJ21,Brighton and Hove,
1078239,3,8960,8565,UKJ22,East Sussex CC,
1078240,3,8965,8565,UKJ23,Surrey,
1078241,3,8970,8565,UKJ24,West Sussex,
1078242,3,8975,8565,UKJ31,Portsmouth,
1078243,3,8980,8565,UKJ32,Southampton,
1078244,3,8985,8565,UKJ33,Hampshire CC,
1078245,3,8990,8565,UKJ34,Isle of Wight,
1078246,3,8995,8565,UKJ41,Medway,
1078247,3,9000,8565,UKJ42,Kent CC,
1078248,3,9005,8565,UKK11,"Bristol, City of",
1078249,3,9010,8565,UKK12,"Bath and North East Somerset, North Somerset and South Gloucestershire",
1078250,3,9015,8565,UKK13,Gloucestershire,
1078251,3,9020,8565,UKK14,Swindon,
1078252,3,9025,8565,UKK15,Wiltshire CC,
1078253,3,9030,8565,UKK21,Bournemouth and Poole,
1078254,3,9035,8565,UKK22,Dorset CC,
1078255,3,9040,8565,UKK23,Somerset,
1078256,3,9045,8565,UKK30,Cornwall and Isles of Scilly,
1078257,3,9050,8565,UKK41,Plymouth,
1078258,3,9055,8565,UKK42,Torbay,
1078259,3,9060,8565,UKK43,Devon CC,
1078260,3,9065,8565,UKL11,Isle of Anglesey,
1078261,3,9070,8565,UKL12,Gwynedd,
1078262,3,9075,8565,UKL13,Conwy and Denbighshire,
1078263,3,9080,8565,UKL14,South West Wales,
1078264,3,9085,8565,UKL15,Central Valleys,
1078265,3,9090,8565,UKL16,Gwent Valleys,
1078266,3,9095,8565,UKL17,Bridgend and Neath Port Talbot,
1078267,3,9100,8565,UKL18,Swansea,
1078268,3,9105,8565,UKL21,Monmouthshire and Newport,
1078269,3,9110,8565,UKL22,Cardiff and Vale of Glamorgan,
1078270,3,9115,8565,UKL23,Flintshire and Wrexham,
1078271,3,9120,8565,UKL24,Powys,
1078272,3,9125,8565,UKM21,Angus and Dundee City,
1078273,3,9130,8565,UKM22,Clackmannanshire and Fife,
1078274,3,9135,8565,UKM23,East Lothian and Midlothian,
1078275,3,9140,8565,UKM24,Scottish Borders,
1078276,3,9145,8565,UKM25,"Edinburgh, City of",
1078277,3,9150,8565,UKM26,Falkirk,
1078278,3,9155,8565,UKM27,Perth & Kinross and Stirling,
1078279,3,9160,8565,UKM28,West Lothian,
1078280,3,9165,8565,UKM31,"East Dunbartonshire, West Dunbartonshire and Helensburgh & Lomond",
1078281,3,9170,8565,UKM32,Dumfries & Galloway,
1078282,3,9175,8565,UKM33,East Ayrshire and North Ayrshire mainland,
1078283,3,9180,8565,UKM34,Glasgow City,
1078284,3,9185,8565,UKM35,"Inverclyde, East Renfrewshire and Renfrewshire",
1078285,3,9190,8565,UKM36,North Lanarkshire,
1078286,3,9195,8565,UKM37,South Ayrshire,
1078287,3,9200,8565,UKM38,South Lanarkshire,
1078288,3,9205,8565,UKM50,Aberdeen City and Aberdeenshire,
1078289,3,9210,8565,UKM61,Caithness & Sutherland and Ross & Cromarty,
1078290,3,9215,8565,UKM62,"Inverness & Nairn and Moray, Badenoch & Strathspey",
1078291,3,9220,8565,UKM63,"Lochaber, Skye & Lochalsh, Arran & Cumbrae and Argyll & Bute",
1078292,3,9225,8565,UKM64,Eilean Siar (Western Isles),
1078293,3,9230,8565,UKM65,Orkney Islands,
1078294,3,9235,8565,UKM66,Shetland Islands,
1078295,3,9240,8565,UKN01,Belfast,
1078296,3,9245,8565,UKN02,Outer Belfast,
1078297,3,9250,8565,UKN03,East of Northern Ireland,
1078298,3,9255,8565,UKN04,North of Northern Ireland,
1078299,3,9260,8565,UKN05,West and South of Northern Ireland,
1078300,3,9265,8565,UKZZZ,Extra-Regio NUTS 3,
